,phi_1,phi_2,phi_3,phi_4
0,0.0,0.0,0.0,0.0
1,8.01616082010886e-05,0.001603230793833543,0.003206453345984188,0.005667365034427691
2,0.00016033094225731943,0.003206607882106445,0.0064131498227417445,0.011334912252373293
3,0.00024051573050572396,0.004810277601223173,0.009620332604927642,0.01700282380227022
4,0.0003207237062487865,0.006414386371542036,0.012828244954966234,0.02267128176236597
5,0.0004009626102413577,0.008019080739411185,0.016037130266951343,0.02834046810558685
6,0.00048124019318259993,0.009624507419275572,0.019247232110564845,0.03401056466435198
7,0.0005615642182146478,0.01123081333587861,0.02245879427501975,0.039681753095319745
8,0.0006419424634296793,0.012838145666582384,0.02567206081303397,0.045354214844049855
9,0.0007223827243871017,0.014446651883830314,0.02888727608484063,0.051028131109564404
10,0.000802892816642564,0.016056479797776402,0.03210468480224097,0.05670368280879133
11,0.0008834805782905297,0.017667777599105195,0.035324532072705576,0.062381050540873506
12,0.0009641538725221495,0.0192806939020669,0.03854706344352973,0.06806041455132761
13,0.0010449205902002023,0.02089537778775221,0.04177252494604863,0.07374195469603594
14,0.0011257886524528792,0.022511978847631658,0.04500116313991772,0.07942585040505559
15,0.0012067660132882238,0.02413064722738442,0.04823322515746388,0.08511228064622872
16,0.0012878606622310517,0.025751533671041982,0.05146895874811241,0.09080142388857837
17,0.001369080626984205,0.02737478956547216,0.05470861232289505,0.09649345806547438
18,0.0014504339761160269,0.0290005669852293,0.05795243499904395,0.1021885605375538
19,0.0015319288217759753,0.030629018737796974,0.06120067664467621,0.1078869080553813
20,0.0016135733224403135,0.03226029840924957,0.06445358792357356,0.113588676721834
21,0.0016953756856898702,0.033894560410359806,0.06771142034006146,0.11929404195419695
22,0.001777344171021894,0.035531960023179446,0.07097442628399173,0.1250031784459547
23,0.0018594870926980536,0.037172653448121,0.0742428590758324,0.130716260128265
24,0.001941812822630702,0.038816797851568524,0.07751697301186841,0.13643346013110094
25,0.0020243297933095557,0.04046455141404632,0.08079702340951629,0.14215495074404896
26,0.002107046500770982,0.04211607337897461,0.08408326665275585,0.14788090337674906
27,0.002189971507612162,0.04377152410204202,0.08737596023768149,0.1536114885189649
28,0.0022731134460524296,0.04543106510122499,0.09067536281817518,0.15934687570027242
29,0.0023564810210441526,0.04709485910748519,0.09398173425170332,0.1650872334493546
30,0.0024400830134355925,0.04876307011617621,0.09729533564523866,0.17083272925289142
31,0.002523928283188221,0.050435863439191854,0.10061642940130852,0.17658352951403428
32,0.002608025772651077,0.05211340575788873,0.10394527926416978,0.1823397995104553
33,0.0026923845098947665,0.053795865176816754,0.10728215036611113,0.18810170335196053
34,0.0027770136121078423,0.05548341127829176,0.11062730927388181,0.19386940393765956
35,0.00286192228905833,0.057176215177845414,0.11398102403524629,0.1996430629126815
36,0.002947119846623283,0.058874449580588115,0.11734356422566343,0.2054228406244304
37,0.0030326156903893128,0.060578288838521836,0.12071520099508805,0.2112088960783725
38,0.003118419329327154,0.06228790900884025,0.12409620711489242,0.21700138689334802
39,0.0032045403795434055,0.06400348791325498,0.1274868570249043,0.2228004692564025
40,0.0032909885681126918,0.06572520519838715,0.1308874268805579,0.22860629787713146
41,0.003377773736993604,0.06745324239726508,0.13429819460015271,0.23441902594153427
42,0.0034649058470318764,0.06918778299196932,0.13771943991221514,0.24023880506537323
43,0.0035523949820543887,0.07092901247746795,0.1411514444029568,0.2460657852470346
44,0.0036402513530576818,0.07267711842668577,0.14459449156382218,0.25190011481988944
45,0.0037284853024948375,0.07443229055685226,0.148048866839118,0.2577419404041528
46,0.0038171073086646725,0.0761947207971746,0.15151485767371553,0.2635914068582408
47,0.003906127990207355,0.07796460335788324,0.15499275356081604,0.26944865722962485
48,0.003995558110710706,0.07974213480069849,0.15848284608976843,0.2753138327051863
49,0.004085408583431583,0.08152751411076849,0.16198542899392754,0.2811870725610712
50,0.004175690476136922,0.08332094277013011,0.16550079819853994,0.2870685141120498
51,0.004266415016069174,0.08512262483274564,0.1690292518686431,0.2929582926603845
52,0.004357593595041063,0.08693276700117,0.17257109045696287,0.2988565414442109
53,0.004449237774664761,0.08875157870490455,0.17612661675179211,0.30476339158543936
54,0.004541359291720777,0.09057927218049512,0.179696135924833,0.310678972037182
55,0.004633970063672081,0.09241606255343433,0.18327995557898336,0.3166034095307161
56,0.00472708219432917,0.09426216792192878,0.18687838579604618,0.32253682852199195
57,0.004820707979672022,0.09611780944259464,0.19049173918433968,0.3284793511376952
58,0.004914859913835126,0.09798321141814688,0.19412033092618436,0.3344310971208773
59,0.005009550695262018,0.09985860138714867,0.19776447882524095,0.3403921837761656
60,0.0051047932330359974,0.10174421021589033,0.20142450335367126,0.3463627259145675
61,0.005200600653394009,0.10364027219246932,0.20510072769909374,0.3523428357978859
62,0.005296986306430925,0.10554702512314393,0.20879347781130111,0.35833262308275976
63,0.005393963773001769,0.10746471043103716,0.21250308244870733,0.36433219476435114
64,0.0054915468718297646,0.10939357325726853,0.2162298732244886,0.370341655119696
65,0.005589749666828382,0.11133386256459421,0.21997418465237975,0.37636110565074044
66,0.005688586474645942,0.11328583124363892,0.22373635419208712,0.3823906450270849
67,0.005788071872441666,0.11524973622180493,0.22751672229427447,0.38843036902845995
68,0.005888220705902471,0.11722583857494687,0.23131563244507738,0.39448037048695744
69,0.005989048097510199,0.11921440364190349,0.23513343121009855,0.40054073922904626
70,0.0060905694550693985,0.12121570114198049,0.23897046827783303,0.4066115620173979
71,0.006192800480506195,0.12323000529548182,0.24282709650247075,0.4126929224925531
72,0.006295757178949307,0.12525759494738956,0.2467036719460197,0.4187849011144602
73,0.006399455868104692,0.1272987536942959,0.25060055391969,0.42488757510391717
74,0.006503913187935886,0.12935377001469467,0.2545181050244772,0.43100101838395183
75,0.006609146110662569,0.13142293740274194,0.25845669119087744,0.43712530152117574
76,0.006715171951090564,0.13350655450560042,0.26241668171766597,0.44326049166714904
77,0.0068220083772869465,0.13560492526448503,0.26639844930966516,0.4494066524997942
78,0.006929673421614708,0.13771835905953078,0.2704023701144247,0.45556384416489915
79,0.007038185492141991,0.1398471708586091,0.27442882375773403,0.4617321232177519
80,0.007147563384441647,0.14199168137022167,0.27847819337788005,0.4679115425649496
81,0.007257826293797626,0.14415221720060575,0.28255086565856274,0.47410215140642564
82,0.007368993827835458,0.1463291110151887,0.28664723086037247,0.4803039951777435
83,0.007481086019594921,0.148522701704535,0.29076768285073257,0.486517115492703
84,0.007594123341063859,0.15073333455493243,0.294912619132202,0.4927415500863077
85,0.007708126717193047,0.15296136142376981,0.2990824408690317,0.49897733275814815
86,0.007823117540412901,0.15520714091986315,0.30327755291185854,0.5052244933162473
87,0.007939117685673947,0.1574710385888923,0.3074983638204214,0.5114830575214262
88,0.008056149526033963,0.15975342710411553,0.3117452858841716,0.5177530470322437
89,0.008174235948815856,0.1620546864625349,0.3160187351406505,0.5240344793505654
90,0.008293400372361589,0.1643752041866904,0.32031913139149626,0.5303273677678205
91,0.008413666763408666,0.1667153755322674,0.32464689821593934,0.5366317213120062
92,0.00853505965511708,0.169075603701707,0.329002462981637,0.5429475446954977
93,0.008657604165776035,0.17145630006401544,0.3333862568526928,0.5492748382637272
94,0.008781326018221243,0.1738578843809751,0.3377987147946994,0.5556135979447945
95,0.008906251559995188,0.1762807850399653,0.3422402755766364,0.5619638152000699
96,0.009032407784284453,0.17872543929360835,0.3467113817694466,0.5683254769758584
97,0.009159822351669955,0.18119229350646326,0.3512124797411103,0.5746985656561878
98,0.009288523612727837,0.18368180340899495,0.35574401964802366,0.581083059016787
99,0.009418540631520781,0.18619443435905622,0.36030645542248707,0.5874789301803248
100,0.009549903210021585,0.18873066161112428,0.36490024475609434,0.5938861475729731
101,0.009682641913513151,0.19129097059354355,0.3695258490788104,0.6003046748823669
102,0.009816788097011375,0.19387585719403205,0.37418373353351553,0.6067344710170292
103,0.009952373932759943,0.19648582805371737,0.37887436694578336,0.6131754900673274
104,0.010089432438848852,0.19912140086997596,0.3835982217886561,0.6196276812680384
105,0.010227997509011119,0.20178310470835642,0.38835577414216577,0.6260909889625851
106,0.010368103943655413,0.20447148032387774,0.3931475036473475,0.6325653525690204
107,0.01050978748219536,0.2071870804919984,0.3979738934544761,0.6390507065478265
108,0.010653084836739895,0.20993047034956366,0.40283543016525153,0.6455469803716019
109,0.010798033727212518,0.21270222774604483,0.40773260376864967,0.6520540984967045
110,0.010944672917971335,0.2155029436053923,0.4126659075701416,0.6585719803369249
111,0.011093042256005792,0.21833322229883426,0.41763583811398,0.6651005402392538
112,0.011243182710790563,0.22119368202896017,0.42264289509823905,0.6716396874618196
113,0.011395136415881567,0.22408495522543595,0.4276875812822838,0.6781893261540584
114,0.011548946712344306,0.22700768895270726,0.43277040238633796,0.6847493553391903
115,0.011704658194109903,0.2299625453300554,0.4378918669828079,0.6913196688990647
116,0.01186231675536004,0.23295020196437605,0.44305248637901007,0.6979001555614408
117,0.012021969640047996,0.23597135239606282,0.44825277449094264,0.7044906988897714
118,0.012183665493669636,0.2390267065583813,0.4534932477077305,0.7110911772755499
119,0.012347454417405002,0.2421169912507288,0.4587744247463635,0.7177014639332833
120,0.012513388024758734,0.24524295062618098,0.46409682649634093,0.7243214268981523
121,0.012681519500835473,0.24840534669373254,0.46946097585382435,0.7309509290264168
122,0.012851903664394893,0.2516049598356461,0.474867397544894,0.737589827998622
123,0.013024597032840245,0.2548425893403277,0.4803166179374963,0.744237976325662
124,0.013199657890303921,0.25811905395115003,0.4858091648416602,0.7508952213577503
125,0.013377146359004265,0.26143519243165253,0.49134556729755624,0.7575614052963496
126,0.013557124474058919,0.2647918641475448,0.4969263553509648,0.7642363652091076
127,0.013739656261952208,0.2681899496659439,0.5025520598157115,0.7709199330478422
128,0.013924807822866977,0.2716303513722755,0.5082232120226279,0.7776119356696197
129,0.014112647417105315,0.27511399410526705,0.513940343554587,0.7843121948609644
130,0.014303245555837556,0.27864182581045827,0.5197039859671622,0.7910205273652355
131,0.014496675096435064,0.2822148182126474,0.5255146704944558,0.7977367449132039
132,0.01469301134265978,0.2858339675076866,0.5313729277396405,0.8044606542568573
133,0.014892332150002102,0.28950029507402897,0.5372792873497613,0.8111920572064627
134,0.015094718036478954,0.2932148482044153,0.5432342776743417,0.8179307506709034
135,0.01530025229922554,0.2969787008580762,0.549238425407346,0.8246765267013138
136,0.015509021137237912,0.30079295443380394,0.5552922552120501,0.8314291725380241
137,0.015721113780648607,0.3046587385642245,0.5613962893283831,0.8381884706608259
138,0.01593662262694531,0.3085772119315767,0.5675510471623074,0.8449541988425657
139,0.016155643384571768,0.31254956310526927,0.5737570448568164,0.8517261302060687
140,0.016378275224382594,0.31657701140145184,0.5800147948441433,0.8585040332843912
141,0.016604620939458,0.32066080776479217,0.5863248053787842,0.8652876720843945
142,0.016834787113822365,0.32480223567260275,0.5926875800509627,0.8720768061536335
143,0.01706888430065109,0.3290026120614022,0.5991036172801775,0.8788711906505374
144,0.017307027210594704,0.33326328827593366,0.605573409788499,0.8856705764178726
145,0.017549334910897014,0.33758565104058963,0.6120974440533107,0.8924747100594562
146,0.01779593103603654,0.3419711234531071,0.6186761997392108,0.8992833340200955
147,0.018046944010677034,0.34642116600030676,0.6253101491088325,0.9060961866687177
148,0.01830250728577508,0.3509372775955439,0.6319997564123688,0.9129130023846547
149,0.018562759588759716,0.35552099663741976,0.6387454772556311,0.9197335116470368
150,0.018827845188772965,0.36017390208917305,0.6455477579465134,0.9265574411272517
151,0.019097914178039754,0.3648976145780212,0.6524070348197797,0.9333845137844139
152,0.01937312277052379,0.3696937975135602,0.659323733540146,0.9402144489637893
153,0.01965363361912127,0.37456415822414707,0.6662982683836809,0.947046962498113
154,0.019939616152749095,0.37951044910998843,0.6733310414976117,0.9538817668117374
155,0.02023124693479901,0.3845344688114327,0.6804224421386841,0.9607185710275343
156,0.020528710044554484,0.38963806339071727,0.6875728458902974,0.9675570810764836
157,0.02083219748330529,0.39482312752514453,0.694782613858706,0.974396999809864
158,0.021141909607045862,0.4000916057093611,0.7020520918486605,0.9812380271139652
159,0.021458055587810023,0.40544549346407716,0.709381609518943,0.9880798600272334
160,0.021780853905877758,0.4108868385481992,0.7167714795183433,0.9949221928597578
161,0.022110532875291303,0.4164177421709412,0.7242219966027094,1.0017647173150053
162,0.02244733120534026,0.4220403602000395,0.7317334367338123,1.0086071226137001
163,0.02279149860092073,0.4277569043617096,0.7393060561608636,1.015449095619749
164,0.023143296404944894,0.4335696434274493,0.7469400904856313,1.0222903209681042
165,0.02350299828627712,0.4394809043822134,0.7546357537122153,1.029130481194454
166,0.023870890977005333,0.44549307356784884,0.7623932372826601,1.0359692568666279
167,0.02424727506322441,0.451608597794987,0.7702127090996994,1.0428063267176024
168,0.02463246583391764,0.45782998541583736,0.7780943125380615,1.0496413677799872
169,0.025026794192976536,0.46415980734950407,0.7860381654458783,1.0564740555218681
170,0.025430607639905494,0.47060069805056653,0.7940443591378927,1.0633040639838893
171,0.02584427132532114,0.4771553564106892,0.8021129573822714,1.0701310659174408
172,0.02626816918798543,0.4838265465819995,0.8102439953829875,1.076954732923831
173,0.026702705180814017,0.4906170987098357,0.8184374787598605,1.0837747355943095
174,0.027148304594087843,0.4975299095612643,0.8266933825284899,1.0905907436508102
175,0.027605415484976473,0.5045679430344596,0.8350116500824559,1.0974024260872837
176,0.028074510223470312,0.511734230532646,0.843392192180299,1.1042094513114826
177,0.028556087165929136,0.5190318711848042,0.851834885939932,1.1110114872870687
178,0.029050672468704533,0.5264640318937555,0.8603395738432711,1.1178082016759037
179,0.029558822055702302,0.5340339471905321,0.8689060627540085,1.124599261980391
180,0.03008112375534183,0.5417449188721526,0.8775341229515772,1.1313843356857303
181,0.030618199624167772,0.5496003153980106,0.8862234871844826,1.1381630904019524
182,0.031170708476407186,0.5576035710180886,0.8949738497462951,1.144935194005597
183,0.0317393486410772,0.5657581846041045,0.9037848655777059,1.1517003147809008
184,0.032324860970876855,0.5740677181525122,0.9126561493981523,1.1584581215603622
185,0.032928032130090296,0.582535794926001,0.9215872748706111,1.1652082838645474
186,0.033549698192144234,0.5911660971977987,0.9305777738032349,1.171950472041013
187,0.03419074858136836,0.5999623635606841,0.9396271353915853,1.1786843574022088
188,0.03485213039798095,0.6089283857601757,0.9487348055052551,1.1854096123622386
189,0.03553485317045864,0.6180680050089239,0.9579001860227284,1.1921259105723485
190,0.03623999408535853,0.6273851077369031,0.9671226342183409,1.1988329270550244
191,0.036968703751473354,0.636883620729621,0.9764014622052072,1.2055303383365745
192,0.0377222125630751,0.6465675056042945,0.9857359364379777,1.2122178225780766
193,0.038501837736122285,0.6564407525718037,0.9951252772792454,1.2188950597045818
194,0.03930899110189688,0.6665073734303117,1.004568658633372,1.2255617315324527
195,0.04014518775486595,0.6767713937347964,1.0140652076514327,1.2322175218947358
196,0.041012055665951515,0.6872368440854325,1.0236140045108695,1.2388621167644542
197,0.041911346389231836,0.6979077504769193,1.0332140822733298,1.245495204375726
198,0.04284494700985845,0.7087881236505283,1.0428644268240161,1.252116475342602
199,0.04381489350423091,0.7198819473909943,1.0525639768957047,1.2587256227755348
200,0.044823385710925576,0.7311931657114908,1.0623116241803927,1.2653223423953825
201,0.04587280414338325,0.7427256688719643,1.0721062135313153,1.2719063326448652
202,0.046965728913978516,0.7544832781791958,1.081946543257829,1.2784772947973873
203,0.04810496108512183,0.7664697295212632,1.0918313655153877,1.2850349330631508
204,0.04929354681809695,0.778688655594772,1.101759386792545,1.2915789546924827
205,0.0505348047564184,0.791143566790448,1.1117292684966045,1.2981090700763098
206,0.051832357160114306,0.8038378307116536,1.121739627639193,1.304624992843713
207,0.053190165403650465,0.8167746503112315,1.1317890376226916,1.3111264399565021
208,0.05461257056718477,0.8299570406449889,1.141876029128059,1.3176131318007571
209,0.056104339993518756,0.8433878042552443,1.1519990911042135,1.3240847922752799
210,0.05767072085791692,0.8570695052153041,1.1621566718587113,1.3305411488769148
211,0.05931750201312756,0.8710044418856144,1.1723471802490528,1.336981932782694
212,0.06105108563807101,0.8851946184546996,1.1825689869735037,1.34340687892877
213,0.06287857054951602,0.8996417153628691,1.1928204259598933,1.349815726086105
214,0.06480784944958941,0.9143470587339831,1.203099795850397,1.3562082169328844
215,0.06684772290171714,0.9293115889701791,1.213405361579872,1.3625840981236397
216,0.06900803348473072,0.9445358286961633,1.223735356044867,1.3689431203550524
217,0.07129982441087088,0.9600198502731351,1.2340879818599917,1.3752850384284323
218,0.07373552796393548,0.9757632431371828,1.2444614131978968,1.381609611308856
219,0.07632919049411999,0.9917650812525376,1.254853797708698,1.387916602180965
220,0.07909674249883339,1.0080238910056585,1.2652632585142674,1.3942057785014148
221,0.08205632466518455,1.0245376199009795,1.2756878962724327,1.400476912047988
222,0.08522868384607342,1.0413036064522547,1.2861257913057562,1.4067297789653723
223,0.08863765706305096,1.0583185516937832,1.2965750057892163,1.412964159807616
224,0.09231076716535276,1.0755784927621332,1.3070335859908062,1.4191798395772781
225,0.09627996128484562,1.0930787790201144,1.3174995645587713,1.4253766077612935
226,0.10058253352201446,1.1108140512093017,1.3279709628489544,1.4315542583635708
227,0.10526228756985574,1.1287782241241306,1.3384457932854945,1.437712589934358
228,0.11037101500442519,1.146964473298155,1.348922061747941,1.4438514055963974
229,0.11597039342226684,1.1653652261803578,1.3593977699776993,1.4499705130679104
230,0.12213444959654227,1.183972158255417,1.3698709179966155,1.456069724682446
231,0.128952792766503,1.2027761945258122,1.3803395065304338,1.4621488574056323
232,0.13653491224757908,1.2217675167251785,1.3908015394298427,1.468207732848874
233,0.14501596822318055,1.2409355765712646,1.401255026081834,1.4742461772800468
234,0.15456471206166306,1.2602691152936114,1.4116979838041495,1.480264021631226
235,0.1653944987356562,1.279756189586426,1.4221284402156935,1.4862611015035128
236,0.17777887834295494,1.2993842040423782,1.4325444355759167,1.492237257169003
237,0.19207411720110742,1.3191399500199972,1.442944025086349,1.498192333569956
238,0.2087524580678848,1.3390096507882088,1.4533252811476747,1.5041261803152237
239,0.22845246418037232,1.3589790126790244,1.4636862955659775,1.5100386516739945
240,0.2520573282414082,1.3790332818664204,1.4740251817020686,1.5159296065669194
241,0.2808203936614035,1.3991573062792857,1.484340076558111,1.5217989085546773
242,0.3165730129073655,1.419335602052266,1.4946291427960914,1.527646425824048
243,0.3620806609142288,1.4395524238236834,1.5048905706830535,1.5334720311715577
244,0.4216729578000738,1.4597918381075834,1.5151225799583763,1.5392756019847618
245,0.5023816304226002,1.480037798900114,1.5253234216187994,1.5450570202212381
246,0.6159562438794807,1.5002742246311749,1.5354913796172915,1.550816172385352
247,0.7818732081129226,1.5204850755423887,1.5456247724723098,1.556552949502872
248,1.0281587879488494,1.5406544305628902,1.5557219547844103,1.5622672470934988
249,1.3728219809128794,1.5607665627656682,1.565781318657634,1.5679589651413826
250,1.7683845722950065,1.5808060125187333,1.5758012950235218,1.5736280080637002
251,2.1107789355997366,1.6007576574961475,1.5857803548660665,1.5792742846773622
252,2.3547091633776054,1.6206067787821503,1.5957170103463454,1.5848977081639215
253,2.5190052780112913,1.640339122384883,1.6056098158260124,1.5904981960327587
254,2.6315613934409177,1.6599409555717388,1.6154573687892542,1.5960756700826124
255,2.7116250164502045,1.67939911754305,1.625258310663225,1.6016300563615269
256,2.770794336005131,1.6987010640713447,1.6350113275373794,1.6071612851252912
257,2.8160136436403373,1.7178349058464393,1.644715150782496,1.612669290794438
258,2.8515624611735833,1.7367894403790165,1.6543685575705556,1.6181540119098732
259,2.8801767971756074,1.75555417742406,1.6639703712969827,1.623615391087208
260,2.9036700584797357,1.7741193579879633,1.6735194619070748,1.6290533749698621
261,2.923284267735276,1.7924759670771238,1.683014746128751,1.6344679141810057
262,2.9398952378162826,1.8106157404295615,1.692455187614027,1.6398589632744094
263,2.954136576112606,1.828531165543402,1.701839796991877,1.64522648068427
264,2.966477107676034,1.8462154773760526,1.7111676318353697,1.6505704286740768
265,2.9772706853074933,1.8636626491353778,1.7204377965461704,1.6558907732845838
266,2.986789118265397,1.8808673786191863,1.7296494421596826,1.6611874842809535
267,2.995244481866288,1.897825070582365,1.7388017660742547,1.6664605350991333
268,3.00280457069425,1.9145318156228275,1.7478940117080073,1.6717099027915283
269,3.0096038185057727,1.9309843660790655,1.7569254680869444,1.6769355679720301
270,3.0157511553826253,1.9471801094247039,1.765895469368098,1.6821375147604616
271,3.0213357545847335,1.9631170396302924,1.7748033943015065,1.6873157307264939
272,3.0264312990687205,1.9787937269409979,1.7836486656348867,1.6924702068330992
273,3.031099192430209,1.9942092864921015,1.7924307494648537,1.6976009373795835
274,3.0353910057657556,2.0093633461536435,1.8011491545385678,1.702707919944265
275,3.0393503637716455,2.024256013962221,1.8098034315096534,1.7077911553268441
276,3.0430144140309,2.0388878454630364,1.8183931721522073,1.7128506474905179
277,3.046414982827194,2.0532598112496396,1.8269180085366654,1.7178864035038897
278,3.049579492625864,2.067373264953342,1.8353776121712297,1.722898433482723
279,3.052531696511739,2.081229911899553,1.8437716931124788,1.7278867505315836
280,3.055292270719605,2.094831778614998,1.8520999990487066,1.7328513706854187
281,3.0578792961798085,2.1081811833381927,1.8603623143594215,1.7377923128511161
282,3.06030865254901,2.121280707656164,1.8685584591543423,1.742709598749086
283,3.062594342701121,2.1341331693632477,1.8766882882951037,1.7476032528549055
284,3.064748761561992,2.14674159661316,1.884751690402766,1.7524733023410675
285,3.0667829200968204,2.1591092034133768,1.8927485868540954,1.7573197770188709
286,3.0687066329287935,2.1712393664911485,1.9006789307694498,1.7621427092804884
287,3.070528676286543,2.183135603543271,1.9085427059949633,1.7669421340412494
288,3.072256921606547,2.1948015528667764,1.9163399260815972,1.7717180886821695
289,3.073898449052763,2.206240954354984,1.924070633263472,1.77647061299276
290,3.075459644384856,2.2174576318326755,1.931734897437765,1.781199749114148
291,3.0769462819531217,2.2284554766953377,1.9393328151483131,1.7859055414825393
292,3.078363596081459,2.2392384328103008,1.9468645085749228,1.7905880367730473
293,3.0797163426885334,2.2498104826320704,1.9543301245302536,1.79524728384392
294,3.0810088526682335,2.260175634479895,1.9617298334660003,1.7998833336811877
295,3.0822450782858155,2.2703379109226676,1.9690638284899722,1.8044962393437567
296,3.0834286336320966,2.280301338214257,1.9763323243955382,1.809086055908972
297,3.084562830004139,2.2900699367213457,1.9835355567047699,1.81365284041867
298,3.085650706938906,2.2996477122855525,1.99067378072651,1.8181966518257424
299,3.0866950595099754,2.309038648461981,1.997747270630456,1.822717550941232
300,3.087698462401532,2.318246699577227,2.00475631853825,1.8272156003819744
301,3.0886632911946292,2.327275784551209,2.0117012336324462,1.8316908645188077
302,3.089591741234924,2.3361297814288653,2.0185823412841293,1.8361434094253615
303,3.090485844396277,2.3448125225696876,2.025399982199852,1.8405733028274436
304,3.0913474840088018,2.353327790445229,2.032154511588468,1.8449806140530347
305,3.092178408181487,2.3616793139969876,2.0388462983483433,1.8493654139829074
306,3.092980241717138,2.369870765509472,2.0454757242753505,1.8537277750018777
307,3.093754496790061,2.377905757955657,2.052043183291958,1.8580677709507007
308,3.094502582533732,2.3857878427745143,2.058549080697662,1.8623854770786226
309,3.095225813666027,2.393520508042712,2.0649938324409383,1.866680969996593
310,3.09592541826281,2.401107177004981,2.071377864412805,1.870954327631149
311,3.0966025447763363,2.4085512069299897,2.077701611762064,1.875205629178979
312,3.097258268382658,2.4158558882608188,2.083965518232186,1.879434955062166
313,3.097893596731663,2.4230244440313338,2.090170035519793,1.8836423868841248
314,3.0985094751642897,2.4300600295218175,2.0963156226546094,1.8878280073862288
315,3.0991067914536155,2.436965732129245,2.10240274540074,1.8919919004051375
316,3.099686380119731,2.443744571429464,2.108431875679059,1.896134150830822
317,3.100249026362424,2.450399499410329,2.1144034910104903,1.9002548445652958
318,3.100795469650571,2.4569334008565433,2.1203180739798966,1.904354068482047
319,3.1013264070026834,2.4633490938685325,2.1261761117202926,1.9084319103861793
320,3.1018424959891613,2.469649330499168,2.1319780954170393,1.912488458975257
321,3.102344357483404,2.4758367974935434,2.137724519831691,1.916523803800857
322,3.1028325781859363,2.4819141171183037,2.1434158828451015,1.9205380352308237
323,3.103307712943095,2.487883848068232,2.1490526850194236,1.9245312444122318
324,3.103770286879521,2.493748486438906,2.1546354291785788,1.928503523235046
325,3.10422079736166,2.4995104667552863,2.160164620006793,1.9324549642964857
326,3.104659715807681,2.5051721630470425,2.165640763664762,1.9363856608660819
327,3.1050874893576554,2.5107358899623153,2.1710643674230146,1.9402957068514315
328,3.105504542416406,2.516203903912414,2.176435939312023,1.9441851967646406
329,3.1059112780802174,2.5215784042407132,2.181755987788619,1.9480542256894529
330,3.106308079457468,2.526861534409688,2.187025021418252,1.951902889249062
331,3.1066953108922757,2.532055383200658,2.1922435485726472,1.9557312835745992
332,3.107073319099361,2.5371619859214016,2.197412077142393,1.9595395052742937
333,3.107442434217555,2.5421833256173034,2.2025311142640143,1.9633276514033002
334,3.1078029707886663,2.547121334282213,2.2076011660610737,1.9670958194341868
335,3.1081552286678127,2.551977894065603,2.2126227373988456,1.9708441072280765
336,3.1084994938707404,2.556754838473038,2.2175963316521266,1.974572613006441
337,3.108836039363169,2.5614539535573173,2.2225224504857293,1.9782814353235327
338,3.1091651257967263,2.5660769790979896,2.22740159364723,1.9819706730394562
339,3.109487002195655,2.570625609767238,2.2322342587715363,1.9856404252938642
340,3.1098019065980704,2.5751014962804106,2.237020941196852,1.9892907914802793
341,3.1101100666552637,2.5795062465297067,2.2417621337916227,1.9929218712210268
342,3.110411700192192,2.583841426699766,2.246458326792055,1.9965337643427767
343,3.110707015732079,2.5881085623640927,2.251110007649801,2.000126570852683
344,3.110996212987761,2.592309139561448,2.2557176608894314,2.003700390915118
345,3.1112794833222224,2.596444605851479,2.260281767975296,2.007255324828984
346,3.1115570101805443,2.6005163713490274,2.264802807187411,2.0107914730056082
347,3.1118289694953196,2.604525809736666,2.2692812535060014,2.0143089359472017
348,3.1120955300674122,2.608474259255149,2.273717578504344,2.017807814225877
349,3.1123568539237962,2.6123630236715503,2.2781122502495674,2.021288208463219
350,3.112613096654063,2.6161933732249625,2.2824657332110685,2.0247502193104
351,3.112864407727073,2.6199665455497145,2.2867784881762225,2.028193947428827
352,3.1131109307890936,2.6236837465761313,2.2910509721730636,2.031619493471316
353,3.113352803944687,2.627346151408927,2.295283638399636,2.035026958063787
354,3.113590160021492,2.630954905183381,2.2994769361597074,2.0384164417874673
355,3.113823126819967,2.6345111238994905,2.3036313108045685,2.041788045161594
356,3.114051827349089,2.6380158952343327,2.307747203680624,2.045141868626611
357,3.1142763800489113,2.641470279332926,2.311825052082518,2.048478012527854
358,3.1144968990008333,2.644875309577878,2.315865289211526,2.051796577099705
359,3.114713494126363,2.6482319933381677,2.319868344138957,2.0550976624502177
360,3.1149262713751056,2.651541312697415,2.3238346417743374,2.058381368546205
361,3.115135332902644,2.6548042251620054,2.327764602838124,2.0616477951987706
362,3.1153407772389508,2.6580216643494703,2.3316586438387317,2.0648970420492905
363,3.1155426994479014,2.6611945406575175,2.3355171770536503,2.068129208555823
364,3.1157411912784494,2.66432374191413,2.3393406105144527,2.0713443939799485
365,3.1159363413079477,2.6674101340091476,2.343129347995474,2.0745426973740235
366,3.1161282350781048,2.670454561507762,2.346883789005985,2.07772421756885
367,3.116316955224005,2.6734578482463456,2.350604328785664,2.0808890531617394
368,3.1165025815966025,2.6764207979110513,2.3542913583031893,2.084037302504975
369,3.1166851913790743,2.6793441945996084,2.3579452642577827,2.087169063694662
370,3.1168648591973844,2.6822288033667405,2.3615664290835334,2.0902844345599454
371,3.117041657225398,2.6850753707536352,2.365155230956353,2.0933835126526104
372,3.1172156552848467,2.6878846253018875,2.3687120438033995,2.0964663952370373
373,3.11738692094045,2.6906572780523272,2.372237237314832,2.0995331792805123
374,3.1175555195904523,2.6933940230291524,2.375731176957754,2.102583961443887
375,3.117721514552838,2.69609553770977,2.37919422399221,2.1056188380725764
376,3.117884967147462,2.698762483480743,2.382626735489116,2.108637905187888
377,3.11804593677432,2.701395506080238,2.3860290643499864,2.11164125847868
378,3.118204480988164,2.703995236027365,2.389401559328359,2.11462899329333
379,3.1183606555696715,2.706562289038776,2.392744565052791,2.1176012046320216
380,3.118514514593338,2.709097266432905,2.39605842205133,2.1205579871393305
381,3.1186661104922813,2.7116007555222037,2.399343466777351,2.123499435097107
382,3.1188154941201094,2.7140733299937323,2.4026000316366676,2.1264256424176504
383,3.1189627148100145,2.716515550278449,2.4058284450158225,2.129336702637165
384,3.11910782043123,2.7189279639095334,2.4090290313114684,2.132232708909492
385,3.1192508574429927,2.7213111058700856,2.4122021109607568,2.135113754000114
386,3.1193918709461337,2.7236654989305,2.4153480004726533,2.1379799302804177
387,3.1195309047324202,2.7259916539758486,2.418467012460105,2.1408313297222192
388,3.1196680013317635,2.728290070323567,2.4215594556729845,2.143668043892537
389,3.119803202057396,2.7305612360317357,2.4246256350317443,2.1464901639486103
390,3.119936547049121,2.7328056281982605,2.4276658516617147,2.149297780633156
391,3.120068075314735,2.735023713251207,2.430680402927983,2.1520909842698583
392,3.120197824769698,2.7372159472305895,2.433669582470795,2.1548698647590845
393,3.120325832275157,2.7393827760618543,2.436633680241421,2.1576345115738245
394,3.120452133674384,2.7415246358213285,2.439572982538439,2.160385013755841
395,3.1205767638277173,2.7436419529938783,2.4424877720443736,2.163121459912036
396,3.1206997566460726,2.7457351447230143,2.4453783278626546,2.1658439382110135
397,3.120821145123089,2.74780461905369,2.448244925554843,2.1685525363798503
398,3.1209409613659815,2.7498507751680052,2.4510878371780804,2.1712473417010543
399,3.1210592366251526,2.7518740036140485,2.45390733132273,2.1739284410097137
400,3.1211760013226275,2.753874686528081,2.4567036731501606,2.1765959206908305
401,3.121291285079361,2.7558531978502776,2.459477124430639,2.1792498666768307
402,3.1214051167414745,2.7578099035342207,2.462227943581307,2.1818903644452514
403,3.1215175244054647,2.7597451617503426,2.4649563857041965,2.184517499016594
404,3.1216285354424373,2.7616593230835034,2.467662702624264,2.1871313549523435
405,3.121738176521404,2.7635527307248897,2.470347142927403,2.189732016353146
406,3.121846473631686,2.765425720658407,2.473009951998427,2.192319566857147
407,3.121953452104472,2.7672786218417404,2.4756513720589735,2.1948940896384697
408,3.12205913663355,2.7691117563822436,2.478271642205327,2.197455667405854
409,3.1221635512952672,2.770925439707825,2.480870998446128,2.2000043824014255
410,3.1222667195677443,2.7727199807329774,2.4834496737399427,2.202540316399609
411,3.1223686643493713,2.7744956820201065,2.4860078980326894,2.205063550706179
412,3.1224694079766273,2.7762528399363036,2.4885458982948867,2.207574166157431
413,3.1225689722412415,2.7779917448056985,2.4910638985587155,2.2100722431194897
414,3.122667378406732,2.779712681057535,2.4935621199548805,2.212557861487734
415,3.1227646472243453,2.7814159273700994,2.4960407807492477,2.2150311006863403
416,3.12286079894842,2.78310175681062,2.4985000963792547,2.2174920396679467
417,3.1229558533512023,2.7847704369712827,2.500940279490073,2.219940756913423
418,3.123049829737133,2.7864222301014543,2.5033615399705127,2.2223773304317502
419,3.123142746956631,2.788057393236252,2.5057640849886647,2.2248018377600114
420,3.1232346234193904,2.7896761783215616,2.5081481190272576,2.227214355963472
421,3.1233254771072123,2.791278832335608,2.510513843918736,2.2296149616357726
422,3.1234153255863952,2.7928655974071956,2.512861458880037,2.232003730899204
423,3.1235041860196886,2.794436710930705,2.5151911605470665,2.2343807394050854
424,3.1235920751778457,2.795992405677957,2.517503143008866,2.236746062334222
425,3.1236790094507736,2.797532909907029,2.5197975978414635,2.2390997743974586
426,3.12376500485831,2.7990584474681235,2.5220747141413993,2.241441949836307
427,3.1238500770606326,2.8005692379065708,2.5243346785589282,2.2437726624236607
428,3.12393424136832,2.8020654965630567,2.52657767533089,2.2460919854645853
429,3.124017512752078,2.8035474346711577,2.5288038863132414,2.2483999917971835
430,3.1240999058521393,2.805015259452259,2.5310134910132507,2.2506967537935316
431,3.1241814349873565,2.8064691742079435,2.5332066666213504,2.2529823433606895
432,3.124262114163995,2.8079093784099167,2.535383588042645,2.255256831941774
433,3.124341957084237,2.8093360677875463,2.5375444279280712,2.2575202905171
434,3.124420977154411,2.8107494344130886,2.5396893567052086,2.259772789605385
435,3.124499187492955,2.812149666784662,2.541818542608741,2.262014399265009
436,3.1245766009381244,2.813536949907047,2.543932151710569,2.264245189095339
437,3.124653230055451,2.8149114653703613,2.5460303479495643,2.266465228238105
438,3.1247290871449676,2.816273391426686,2.5481132931609776,2.268674585378833
439,3.124804184248201,2.8176229030646938,2.550181147105492,2.270873328748325
440,3.124878533154949,2.818960172082342,2.5522340674979223,2.2730615261241947
441,3.124952145409842,2.8202853671576853,2.5542722100355646,2.2752392448324468
442,3.1250250323186997,2.8215986539178615,2.556295728426194,2.2774065517491033
443,3.1250972049546952,2.8229001950063064,2.558304774415712,2.2795635133018735
444,3.125168674164324,2.8241901501482456,2.5602994978154445,2.2817101954718675
445,3.1252394505731917,2.8254686762145154,2.562280046529091,2.283846663795347
446,3.125309544591628,2.826735927283757,2.5642465665793295,2.2859729833655185
447,3.1253789664201252,2.8279920547030386,2.5661992021340754,2.288089218834361
448,3.125447726054617,2.829237207146938,2.5681380955323965,2.290195434414488
449,3.1255158332915967,2.83047153067514,2.57006338731009,2.2922916938810487
450,3.12558329773308,2.831695168788591,2.5719752162249163,2.294378060573652
451,3.1256501287914267,2.832908262484239,2.5738737192815018,2.296454597398331
452,3.12571633569401,2.834110950308414,2.575759031755903,2.2985213668295312
453,3.12578192748776,2.835303368408882,2.5776312872198415,2.300578430912126
454,3.1258469130435618,2.8364856505856024,2.5794906175646077,2.302625851263462
455,3.125911301060537,2.8376579283402372,2.5813371530246414,2.304663689075426
456,3.1259751000701894,2.8388203309244378,2.583171022200786,2.306692005116538
457,3.126038318440441,2.8399729853869498,2.5849923520832236,2.3087108597340658
458,3.1261009643795457,2.841116016619561,2.5868012680740913,2.3107203128561595
459,3.1261630459398932,2.8422495474019316,2.5885978940097827,2.3127204239940102
460,3.1262245710217043,2.843373698445338,2.5903823521829388,2.314711252244021
461,3.126285547376621,2.84448858843535,2.5921547633641295,2.316692856290002
462,3.126345982611198,2.8455943340734824,2.59391524682323,2.3186652944053785
463,3.1264058841902904,2.846691050117845,2.5956639203504928,2.3206286244554146
464,3.126465259440352,2.847778849422813,2.5974009002773246,2.322582903899454
465,3.1265241155526415,2.848857842977756,2.599126301496763,2.324528189793171
466,3.126582459586336,2.8499281399448355,2.6008402374836654,2.326464538790835
467,3.1266402984715627,2.8509898476959146,2.6025428203146017,2.3283920071475914
468,3.1266976390123453,2.852043071848584,2.604234160687471,2.3303106507217417
469,3.1267544878894715,2.853087916301346,2.6059143679408248,2.3322205249770462
470,3.1268108516632798,2.854124483267966,2.6075835500729205,2.3341216849850293
471,3.1268667367763743,2.855152873311024,2.6092418137604914,2.3360141854272896
472,3.126922149556265,2.8561731853746744,2.61088926437725,2.3378980805978262
473,3.1269770962179346,2.8571855168166516,2.6125260060121196,2.339773424405364
474,3.1270315828663424,2.858189963439527,2.614152141487198,2.341640270375685
475,3.1270856154988556,2.8591866195212448,2.615767772375465,2.343498671653972
476,3.1271392000076212,2.860175577844953,2.617372999018221,2.3453486810071453
477,3.1271923421818717,2.861156929728151,2.6189679205422833,2.3471903508262146
478,3.1272450477101734,2.862130765051167,2.6205526348769164,2.3490237331286234
479,3.1272973221826126,2.863097172284984,2.622127238770522,2.3508488795606035
480,3.1273491710929284,2.8640562385184363,2.6236918278070798,2.3526658413995256
481,3.127400599840589,2.8650080494847874,2.6252464964223474,2.354474669556256
482,3.127451613732812,2.8659526895877057,2.6267913379198196,2.3562754145775093
483,3.1275022179865366,2.8668902419266544,2.6283264444864525,2.3580681266482024
484,3.1275524177303446,2.867820788321715,2.629851907208154,2.3598528555938096
485,3.1276022180063294,2.868744409337849,2.6313678160850476,2.361629650882714
486,3.127651623771922,2.8696611843086215,2.632874260046506,2.363398561628559
487,3.1277006399016667,2.8705711913593985,2.6343713269659634,2.3651596365925953
488,3.127749271188958,2.8714745074300256,2.6358591036755104,2.3669129241860296
489,3.127797522347726,2.872371208297008,2.637337675980266,2.3686584724723647
490,3.127845398014087,2.8732613685952,2.6388071286725414,2.3703963291697394
491,3.1278929027479485,2.87414506183902,2.6402675455457896,2.3721265416532638
492,3.127940041034579,2.875022360443201,2.6417190094083507,2.37384915695735
493,3.127986817286134,2.875893335743085,2.643161602096988,2.375564221778039
494,3.1280332358431466,2.8767580580144783,2.6445954044902256,2.3772717824753182
495,3.128079300975985,2.877616596493078,2.6460204965214875,2.3789718850754418
496,3.1281250168862695,2.8784690193934743,2.6474369571920366,2.3806645752732343
497,3.1281703877082587,2.879315393927745,2.6488448645837277,2.3823498984343976
498,3.1282154175101993,2.880155786323654,2.6502442958715626,2.3840278995978053
499,3.1282601102956478,2.8809902618424523,2.651635327336065,2.3856986234777935
