,beta,D1,M1,D2,M2,D3,M3,D4,M4
0,0.0,0.01,1.0,0.2,1.0,0.4,1.0,0.707,1.0
1,0.004008016032064128,0.01,1.0000160612375826,0.2,1.0000147792557164,0.4,1.000010923700868,0.707,1.000000004722357
2,0.008016032064128256,0.01,1.0000642480454196,0.2,1.0000591194062258,0.4,1.0000436954029355,0.707,1.0000000173410788
3,0.012024048096192383,0.01,1.0001445697102724,0.2,1.0001330276024567,0.4,1.000098316904241,0.707,1.0000000332111165
4,0.01603206412825651,0.01,1.0002570417150467,0.2,1.0002365157654431,0.4,1.000174791200352,0.707,1.0000000445907213
5,0.02004008016032064,0.01,1.0004016857462548,0.2,1.0003696005905558,0.4,1.000273122482615,0.707,1.000000040641443
6,0.024048096192384766,0.01,1.0005785297044705,0.2,1.0005323035534306,0.4,1.0003933161357026,0.707,1.000000007428135
7,0.028056112224448895,0.01,1.0007876077177875,0.2,1.0007246509175938,0.4,1.0005353787344535,0.707,0.9999999279189621
8,0.03206412825651302,0.01,1.0010289601582945,0.2,1.0009466737437924,0.4,1.0006993180400003,0.707,0.9999997819854245
9,0.03607214428857715,0.01,1.001302633661578,0.2,1.0011984079010312,0.4,1.000885142995176,0.707,0.9999995464023946
10,0.04008016032064128,0.01,1.0016086811492757,0.2,1.0014798940793235,0.4,1.0010928637191965,0.707,0.9999991948481808
11,0.044088176352705406,0.01,1.001947161854696,0.2,1.0017911778041635,0.4,1.0013224915016068,0.707,0.9999986979046193
12,0.04809619238476953,0.01,1.0023181413515319,0.2,1.0021323094527261,0.4,1.0015740387954828,0.707,0.9999980230572081
13,0.052104208416833664,0.01,1.002721691585688,0.2,1.0025033442718043,0.4,1.0018475192098766,0.707,0.9999971346952892
14,0.05611222444889779,0.01,1.003157890910259,0.2,1.0029043423974926,0.4,1.0021429475014945,0.707,0.9999959941122906
15,0.06012024048096192,0.01,1.0036268241236819,0.2,1.003335368876627,0.4,1.002460339565591,0.707,0.9999945595060397
16,0.06412825651302605,0.01,1.0041285825111044,0.2,1.003796493689994,0.4,1.0027997124260728,0.707,0.9999927859791603
17,0.06813627254509018,0.01,1.004663263889002,0.2,1.0042877917773196,0.4,1.003161084224782,0.707,0.9999906255395686
18,0.0721442885771543,0.01,1.0052309726530895,0.2,1.0048093430640528,0.4,1.0035444742099577,0.707,0.9999880271010794
19,0.07615230460921843,0.01,1.0058318198295637,0.2,1.0053612324899566,0.4,1.0039499027238468,0.707,0.9999849364841413
20,0.08016032064128256,0.01,1.006465923129735,0.2,1.0059435500395224,0.4,1.0043773911894465,0.707,0.9999812964167165
21,0.08416833667334668,0.01,1.0071334070080873,0.2,1.0065563907742225,0.4,1.0048269620963604,0.707,0.9999770465353202
22,0.08817635270541081,0.01,1.0078344027238275,0.2,1.0071998548666217,0.4,1.0052986389857428,0.707,0.999972123386244
23,0.09218436873747494,0.01,1.00856904840598,0.2,1.0078740476363603,0.4,1.0057924464343089,0.707,0.9999664604269762
24,0.09619238476953906,0.01,1.0093374891220848,0.2,1.008579079588032,0.4,1.0063084100373838,0.707,0.9999599880278455
25,0.1002004008016032,0.01,1.0101398769505674,0.2,1.0093150664509745,0.4,1.0068465563909668,0.707,0.9999526334739031
26,0.10420841683366733,0.01,1.0109763710568445,0.2,1.0100821292209947,0.4,1.007406913072781,0.707,0.9999443209670744
27,0.10821643286573146,0.01,1.0118471377732399,0.2,1.0108803942040503,0.4,1.0079895086222777,0.707,0.999934971628595
28,0.11222444889779558,0.01,1.0127523506827874,0.2,1.0117099930619096,0.4,1.0085943725195659,0.707,0.9999245035017604
29,0.11623246492985971,0.01,1.0136921907069965,0.2,1.0125710628598155,0.4,1.0092215351632365,0.707,0.9999128315550158
30,0.12024048096192384,0.01,1.0146668461976693,0.2,1.0134637461161773,0.4,1.0098710278470413,0.707,0.9998998676854068
31,0.12424849699398796,0.01,1.0156765130328547,0.2,1.0143881908543158,0.4,1.0105428827353962,0.707,0.9998855207224264
32,0.1282565130260521,0.01,1.016721394717031,0.2,1.01534455065629,0.4,1.0112371328376693,0.707,0.9998696964322782
33,0.13226452905811623,0.01,1.017801702485619,0.2,1.0163329847188343,0.4,1.0119538119812141,0.707,0.9998522975225915
34,0.13627254509018036,0.01,1.0189176554139228,0.2,1.017353657911431,0.4,1.0126929547831085,0.707,0.9998332236476152
35,0.1402805611222445,0.01,1.0200694805306072,0.2,1.018406740836554,0.4,1.0134545966205544,0.707,0.9998123714139229
36,0.1442885771543086,0.01,1.021257412935824,0.2,1.0194924098921105,0.4,1.014238773599898,0.707,0.9997896343866596
37,0.14829659318637273,0.01,1.0224816959241039,0.2,1.0206108473361148,0.4,1.0150455225242176,0.707,0.999764903096365
38,0.15230460921843686,0.01,1.023742581112136,0.2,1.0217622413536276,0.4,1.0158748808594398,0.707,0.9997380650464052
39,0.156312625250501,0.01,1.025040328571564,0.2,1.0229467861259942,0.4,1.0167268866989234,0.707,0.9997090047210484
40,0.16032064128256512,0.01,1.026375206966934,0.2,1.0241646819024188,0.4,1.0176015787264687,0.707,0.9996776035942198
41,0.16432865731462926,0.01,1.0277474936989326,0.2,1.0254161350739088,0.4,1.0184989961776925,0.707,0.9996437401389716
42,0.16833667334669336,0.01,1.0291574750530608,0.2,1.0267013582496292,0.4,1.0194191787997118,0.707,0.9996072898377057
43,0.1723446893787575,0.01,1.0306054463538998,0.2,1.0280205703357044,0.4,1.020362166809083,0.707,0.9995681251931863
44,0.17635270541082163,0.01,1.0320917121251276,0.2,1.0293739966165079,0.4,1.0213280008479313,0.707,0.9995261157403794
45,0.18036072144288576,0.01,1.03361658625545,0.2,1.0307618688384803,0.4,1.0223167219382079,0.707,0.9994811280591636
46,0.1843687374749499,0.01,1.0351803921706257,0.2,1.0321844252965167,0.4,1.0233283714340131,0.707,0.9994330257879441
47,0.18837675350701402,0.01,1.036783463011762,0.2,1.0336419109229686,0.4,1.0243629909719156,0.707,0.9993816696382192
48,0.19238476953907813,0.01,1.0384261418200775,0.2,1.0351345773793024,0.4,1.0254206224191966,0.707,0.9993269174101319
49,0.19639278557114226,0.01,1.0401087817283212,0.2,1.036662683150461,0.4,1.02650130781995,0.707,0.9992686240090551
50,0.2004008016032064,0.01,1.0418317461590643,0.2,1.0382264936419727,0.4,1.0276050893389614,0.707,0.9992066414632492
51,0.20440881763527052,0.01,1.0435954090300747,0.2,1.0398262812798567,0.4,1.02873200920329,0.707,0.9991408189426357
52,0.20841683366733466,0.01,1.045400154967001,0.2,1.041462325613373,0.4,1.0298821096414712,0.707,0.99907100277873
53,0.2124248496993988,0.01,1.0472463795236022,0.2,1.0431349134206649,0.4,1.0310554328202601,0.707,0.9989970364857763
54,0.21643286573146292,0.01,1.0491344894097678,0.2,1.044844338817343,0.4,1.0322520207788288,0.707,0.9989187607831306
55,0.22044088176352702,0.01,1.0510649027275851,0.2,1.0465909033680678,0.4,1.0334719153603291,0.707,0.9988360136189335
56,0.22444889779559116,0.01,1.0530380492157212,0.2,1.048374916201175,0.4,1.0347151581407315,0.707,0.9987486301951192
57,0.2284569138276553,0.01,1.0550543705023965,0.2,1.0501966941264025,0.4,1.0359817903548427,0.707,0.9986564429938052
58,0.23246492985971942,0.01,1.0571143203672477,0.2,1.0520565617557687,0.4,1.03727185281941,0.707,0.9985592818051058
59,0.23647294589178355,0.01,1.059218365012376,0.2,1.0539548516276611,0.4,1.0385853858532095,0.707,0.9984569737564185
60,0.24048096192384769,0.01,1.0613669833429051,0.2,1.0558919043341868,0.4,1.039922429194012,0.707,0.9983493433432227
61,0.2444889779559118,0.01,1.0635606672573767,0.2,1.0578680686518425,0.4,1.0412830219123297,0.707,0.9982362124614402
62,0.24849699398797592,0.01,1.0657999219483334,0.2,1.0598837016755616,0.4,1.0426672023218253,0.707,0.9981174004414008
63,0.25250501002004005,0.01,1.0680852662134463,0.2,1.0619391689561946,0.4,1.0440750078862742,0.707,0.997992724083457
64,0.2565130260521042,0.01,1.0704172327775694,0.2,1.0640348446414805,0.4,1.0455064751229677,0.707,0.997861997695292
65,0.2605210420841683,0.01,1.0727963686261137,0.2,1.0661711116205692,0.4,1.0469616395024317,0.707,0.9977250331309677
66,0.26452905811623245,0.01,1.0752232353501536,0.2,1.0683483616721525,0.4,1.048440535344344,0.707,0.9975816398317514
67,0.2685370741482966,0.01,1.0776984095036968,0.2,1.070566995616262,0.4,1.049943195709521,0.707,0.9974316248687691
68,0.2725450901803607,0.01,1.080222482973569,0.2,1.0728274234697948,0.4,1.0514696522878482,0.707,0.997274792987525
69,0.27655310621242485,0.01,1.082796063362381,0.2,1.075130064605824,0.4,1.053019935282017,0.707,0.9971109466543284
70,0.280561122244489,0.01,1.0854197743850778,0.2,1.0774753479167574,0.4,1.0545940732869379,0.707,0.9969398861046724
71,0.28456913827655306,0.01,1.0880942562795746,0.2,1.0798637119813943,0.4,1.0561920931646842,0.707,0.9967614093935991
72,0.2885771543086172,0.01,1.0908201662320272,0.2,1.0822956052359516,0.4,1.05781401991483,0.707,0.9965753124480954
73,0.2925851703406813,0.01,1.0935981788172946,0.2,1.0847714861491038,0.4,1.0594598765400305,0.707,0.9963813891215535
74,0.29659318637274545,0.01,1.0964289864551848,0.2,1.087291823401105,0.4,1.0611296839066966,0.707,0.9961794312503345
75,0.3006012024048096,0.01,1.0993132998831017,0.2,1.0898570960670408,0.4,1.0628234606006135,0.707,0.9959692287124712
76,0.3046092184368737,0.01,1.1022518486457353,0.2,1.0924677938042702,0.4,1.0645412227773412,0.707,0.9957505694885402
77,0.30861723446893785,0.01,1.105245381602475,0.2,1.0951244170441086,0.4,1.0662829840072416,0.707,0.9955232397247412
78,0.312625250501002,0.01,1.1082946674532514,0.2,1.0978274771878045,0.4,1.0680487551149658,0.707,0.9952870237982083
79,0.3166332665330661,0.01,1.111400495283548,0.2,1.1005774968068585,0.4,1.0698385440132352,0.707,0.9950417043845868
80,0.32064128256513025,0.01,1.1145636751293584,0.2,1.1033750098477324,0.4,1.0716523555307493,0.707,0.9947870625279001
81,0.3246492985971944,0.01,1.1177850385629076,0.2,1.106220561840996,0.4,1.0734901912340427,0.707,0.9945228777127303
82,0.3286573146292585,0.01,1.1210654392999826,0.2,1.1091147101149461,0.4,1.0753520492431186,0.707,0.99424892793874
83,0.33266533066132264,0.01,1.1244057538297725,0.2,1.1120580240137452,0.4,1.077237924040679,0.707,0.9939649897975491
84,0.3366733466933867,0.01,1.1278068820681537,0.2,1.1150510851201056,0.4,1.0791478062747686,0.707,0.9936708385519905
85,0.34068136272545085,0.01,1.1312697480354048,0.2,1.1180944874825542,0.4,1.0810816825546483,0.707,0.9933662482177559
86,0.344689378757515,0.01,1.1347953005593803,0.2,1.121188837847301,0.4,1.083039535239716,0.707,0.9930509916474473
87,0.3486973947895791,0.01,1.1383845140052293,0.2,1.1243347558947296,0.4,1.085021342221276,0.707,0.9927248406170431
88,0.35270541082164325,0.01,1.1420383890327959,0.2,1.1275328744805266,0.4,1.0870270766969778,0.707,0.9923875659147846
89,0.3567134268537074,0.01,1.1457579533828932,0.2,1.130783839881451,0.4,1.0890567069377215,0.707,0.992038937432489
90,0.3607214428857715,0.01,1.1495442626937051,0.2,1.134088312045748,0.4,1.0911101960468408,0.707,0.9916787242592884
91,0.36472945891783565,0.01,1.1533984013486376,0.2,1.1374469648481946,0.4,1.093187501711369,0.707,0.9913066947777922
92,0.3687374749498998,0.01,1.1573214833569954,0.2,1.1408604863497591,0.4,1.0952885759451867,0.707,0.9909226167626685
93,0.3727454909819639,0.01,1.1613146532689513,0.2,1.1443295790618462,0.4,1.097413364823861,0.707,0.9905262574816313
94,0.37675350701402804,0.01,1.1653790871263274,0.2,1.1478549602150896,0.4,1.0995618082109748,0.707,0.9901173837988253
95,0.3807615230460922,0.01,1.1695159934508048,0.2,1.1514373620326361,0.4,1.101733839475751,0.707,0.9896957622805871
96,0.38476953907815625,0.01,1.1737266142712561,0.2,1.1550775320078621,0.4,1.103929385201779,0.707,0.9892611593035626
97,0.3887775551102204,0.01,1.178012226191982,0.2,1.1587762331864377,0.4,1.1061483648866473,0.707,0.9888133411651595
98,0.3927855711422845,0.01,1.182374141503726,0.2,1.1625342444526454,0.4,1.1083906906322882,0.707,0.9883520741962978
99,0.39679358717434865,0.01,1.186813709339455,0.2,1.1663523608198396,0.4,1.1106562668258544,0.707,0.9878771248764351
100,0.4008016032064128,0.01,1.1913323168769767,0.2,1.170231393724917,0.4,1.1129449898109296,0.707,0.9873882599508188
101,0.4048096192384769,0.01,1.1959313905905984,0.2,1.1741721713266404,0.4,1.1152567475489006,0.707,0.9868852465499316
102,0.40881763527054105,0.01,1.2006123975541387,0.2,1.178175538807648,0.4,1.1175914192703151,0.707,0.9863678523110772
103,0.4128256513026052,0.01,1.2053768467977346,0.2,1.182242358679941,0.4,1.1199488751160447,0.707,0.98583584550206
104,0.4168336673346693,0.01,1.210226290721015,0.2,1.186373511093628,0.4,1.1223289757681019,0.707,0.9852889951468988
105,0.42084168336673344,0.01,1.2151623265653682,0.2,1.1905698941486693,0.4,1.1247315720699442,0.707,0.984727071153516
106,0.4248496993987976,0.01,1.2201865979481632,0.2,1.1948324242093353,0.4,1.127156504636127,0.707,0.9841498444433372
107,0.4288577154308617,0.01,1.225300796461963,0.2,1.199162036221054,0.4,1.129603603451159,0.707,0.983557087082729
108,0.43286573146292584,0.01,1.230506663341928,0.2,1.203559684029294,0.4,1.1320726874574418,0.707,0.9829485724162016
109,0.4368737474949899,0.01,1.2358059912047956,0.2,1.208026340700082,0.4,1.1345635641321747,0.707,0.9823240752012956
110,0.44088176352705405,0.01,1.2412006258630157,0.2,1.2125629988417126,0.4,1.1370760290531285,0.707,0.9816833717450667
111,0.4448897795591182,0.01,1.2466924682178233,0.2,1.2171706709271604,0.4,1.1396098654531999,0.707,0.9810262400420813
112,0.4488977955911823,0.01,1.25228347623526,0.2,1.2218503896166542,0.4,1.1421648437636847,0.707,0.9803524599138238
113,0.45290581162324645,0.01,1.2579756670093776,0.2,1.2266032080798168,0.4,1.1447407211462144,0.707,0.9796618131494209
114,0.4569138276553106,0.01,1.2637711189171181,0.2,1.2314302003167121,0.4,1.1473372410133342,0.707,0.9789540836475723
115,0.4609218436873747,0.01,1.2696719738696263,0.2,1.2363324614770805,0.4,1.1499541325377107,0.707,0.9782290575595848
116,0.46492985971943884,0.01,1.275680439665035,0.2,1.2413111081769665,0.4,1.1525911101499917,0.707,0.9774865234333888
117,0.468937875751503,0.01,1.2817987924480707,0.2,1.2463672788118758,0.4,1.1552478730253597,0.707,0.9767262723584229
118,0.4729458917835671,0.01,1.2880293792821509,0.2,1.2515021338655057,0.4,1.157924104558855,0.707,0.9759480981112606
119,0.47695390781563124,0.01,1.2943746208399867,0.2,1.2567168562130138,0.4,1.1606194718295677,0.707,0.9751517973018509
120,0.48096192384769537,0.01,1.3008370142190884,0.2,1.262012651417687,0.4,1.1633336250538409,0.707,0.9743371695202397
121,0.4849699398797595,0.01,1.3074191358889493,0.2,1.2673907480197741,0.4,1.1660661970276545,0.707,0.973504017483636
122,0.4889779559118236,0.01,1.3141236447771327,0.2,1.272852397816128,0.4,1.1688168025584025,0.707,0.972652147183679
123,0.4929859719438877,0.01,1.3209532855019193,0.2,1.2783988761291907,0.4,1.171585037886315,0.707,0.9717813680337637
124,0.49699398797595185,0.01,1.3279108917596734,0.2,1.2840314820637129,0.4,1.1743704800958241,0.707,0.9708914930162718
125,0.501002004008016,0.01,1.334999389875611,0.2,1.2897515387494711,0.4,1.1771726865172132,0.707,0.9699823388295578
126,0.5050100200400801,0.01,1.3422218025272046,0.2,1.2955603935680853,0.4,1.17999119411895,0.707,0.9690537260345318
127,0.5090180360721442,0.01,1.3495812526500715,0.2,1.30145941836188,0.4,1.1828255188911438,0.707,0.9681054792006799
128,0.5130260521042084,0.01,1.35708096753683,0.2,1.307450009622554,0.4,1.185675155220637,0.707,0.9671374270513559
129,0.5170340681362725,0.01,1.3647242831401176,0.2,1.313533588657239,0.4,1.18853957525829,0.707,0.9661494026081839
130,0.5210420841683366,0.01,1.3725146485916941,0.2,1.3197116017293142,0.4,1.1914182282790942,0.707,0.9651412433343964
131,0.5250501002004008,0.01,1.3804556309503753,0.2,1.3259855201711306,0.4,1.194310540035802,0.707,0.9641127912769417
132,0.5290581162324649,0.01,1.3885509201923913,0.2,1.3323568404655641,0.4,1.1972159121068446,0.707,0.9630638932071831
133,0.533066132264529,0.01,1.3968043344587135,0.2,1.3388270842930494,0.4,1.2001337212393783,0.707,0.9619944007600196
134,0.5370741482965932,0.01,1.405219825574883,0.2,1.3453977985404884,0.4,1.2030633186883768,0.707,0.9609041705712461
135,0.5410821643286573,0.01,1.4138014848599654,0.2,1.3520705552681163,0.4,1.206004029552776,0.707,0.9597930644129787
136,0.5450901803607214,0.01,1.4225535492424315,0.2,1.3588469516301087,0.4,1.2089551521097586,0.707,0.9586609493269658
137,0.5490981963927856,0.01,1.4314804077020082,0.2,1.3657286097443508,0.4,1.2119159571483542,0.707,0.9575076977556027
138,0.5531062124248497,0.01,1.440586608057931,0.2,1.372717176506445,0.4,1.2148856873036353,0.707,0.9563331876704763
139,0.5571142284569138,0.01,1.4498768641254864,0.2,1.3798143233426245,0.4,1.2178635563928732,0.707,0.9551373026982517
140,0.561122244488978,0.01,1.4593560632643394,0.2,1.3870217458958312,0.4,1.2208487487551332,0.707,0.9539199322437308
141,0.565130260521042,0.01,1.4690292743438653,0.2,1.394341163638748,0.4,1.2238404185958818,0.707,0.952680971609898
142,0.5691382765531061,0.01,1.4789017561525801,0.2,1.4017743194071082,0.4,1.2268376893382988,0.707,0.9514203221147786
143,0.5731462925851702,0.01,1.488978966280789,0.2,1.4093229788460717,0.4,1.2298396529830908,0.707,0.9501378912049366
144,0.5771543086172344,0.01,1.499266570507784,0.2,1.416988929761902,0.4,1.2328453694787225,0.707,0.948833592565434
145,0.5811623246492985,0.01,1.5097704527273095,0.2,1.4247739813705946,0.4,1.2358538661041034,0.707,0.9475073462260852
146,0.5851703406813626,0.01,1.5204967254476114,0.2,1.4326799634344467,0.4,1.2388641368658804,0.707,0.9461590786638365
147,0.5891783567134268,0.01,1.5314517409052202,0.2,1.4407087252768969,0.4,1.2418751419126197,0.707,0.9447887229011045
148,0.5931863727454909,0.01,1.5426421028346915,0.2,1.448862134665228,0.4,1.2448858069682822,0.707,0.9433962185999152
149,0.597194388777555,0.01,1.55407467893988,0.2,1.4571420765499397,0.4,1.2478950227875263,0.707,0.9419815121516825
150,0.6012024048096192,0.01,1.5657566141159824,0.2,1.4655504516487887,0.4,1.2509016446354981,0.707,0.9405445567624776
151,0.6052104208416833,0.01,1.577695344475562,0.2,1.4740891748625842,0.4,1.2539044917948992,0.707,0.9390853125336361
152,0.6092184368737474,0.01,1.5898986122361358,0.2,1.482760173508911,0.4,1.256902347103252,0.707,0.9376037465375627
153,0.6132264529058116,0.01,1.602374481531656,0.2,1.4915653853589377,0.4,1.2598939565234133,0.707,0.9360998328885953
154,0.6172344689378757,0.01,1.615131355215426,0.2,1.500506756461408,0.4,1.2628780287505057,0.707,0.9345735528087956
155,0.6212424849699398,0.01,1.62817799272769,0.2,1.509586238736789,0.4,1.2658532348585687,0.707,0.9330248946885416
156,0.625250501002004,0.01,1.6415235291073904,0.2,1.518805787323358,0.4,1.2688182079903523,0.707,0.9314538541417995
157,0.6292585170340681,0.01,1.6551774952344327,0.2,1.5281673576557422,0.4,1.2717715430937884,0.707,0.9298604340559692
158,0.6332665330661322,0.01,1.6691498393963264,0.2,1.5376729022551012,0.4,1.274711796708791,0.707,0.9282446446361898
159,0.6372745490981964,0.01,1.6834509502813437,0.2,1.5473243672087322,0.4,1.277637486808147,0.707,0.9266065034440153
160,0.6412825651302605,0.01,1.6980916815094294,0.2,1.5571236883154045,0.4,1.2805470926963416,0.707,0.9249460354303634
161,0.6452905811623246,0.01,1.7130833778221335,0.2,1.5670727868711836,0.4,1.28343905497028,0.707,0.9232632729626623
162,0.6492985971943888,0.01,1.7284379030638641,0.2,1.5771735650688747,0.4,1.2863117755459168,0.707,0.9215582558461145
163,0.6533066132264529,0.01,1.7441676700989728,0.2,1.58742790098254,0.4,1.2891636177548924,0.707,0.91983103133902
164,0.657314629258517,0.01,1.7602856728226464,0.2,1.5978376431067673,0.4,1.2919929065153328,0.707,0.9180816541620962
165,0.6613226452905812,0.01,1.7768055204384756,0.2,1.6084046044185512,0.4,1.2947979285809932,0.707,0.9163101865017513
166,0.6653306613226453,0.01,1.7937414741920892,0.2,1.619130555927767,0.4,1.297576932872972,0.707,0.9145166980072701
167,0.6693386773547093,0.01,1.8111084867685123,0.2,1.630017219680277,0.4,1.3003281308982175,0.707,0.9127012657818855
168,0.6733466933867734,0.01,1.8289222445812325,0.2,1.6410662611757267,0.4,1.3030496972590393,0.707,0.9108639743677127
169,0.6773547094188376,0.01,1.847199213203502,0.2,1.6522792811600882,0.4,1.305739770257813,0.707,0.9090049157245415
170,0.6813627254509017,0.01,1.865956686217535,0.2,1.6636578067509684,0.4,1.3083964526010006,0.707,0.9071241892024788
171,0.6853707414829658,0.01,1.8852128377851944,0.2,1.6752032818516793,0.4,1.3110178122065375,0.707,0.9052219015084574
172,0.68937875751503,0.01,1.9049867792750144,0.2,1.6869170568080614,0.4,1.3136018831185325,0.707,0.9032981666666241
173,0.6933867735470941,0.01,1.9252986203152112,0.2,1.6988003772600844,0.4,1.3161466665330912,0.707,0.9013531059726404
174,0.6973947895791582,0.01,1.9461695346813634,0.2,1.7108543721383775,0.4,1.3186501319389163,0.707,0.8993868479419299
175,0.7014028056112224,0.01,1.967621831471097,0.2,1.7230800407540623,0.4,1.3211102183761378,0.707,0.8973995282519224
176,0.7054108216432865,0.01,1.9896790320671198,0.2,1.7354782389286534,0.4,1.3235248358166198,0.707,0.8953912896783514
177,0.7094188376753506,0.01,2.012365953444978,0.2,1.748049664109375,0.4,1.3258918666687052,0.707,0.8933622820256714
178,0.7134268537074148,0.01,2.035708798443861,0.2,1.7607948394140935,0.4,1.3282091674090999,0.707,0.8913126620516717
179,0.7174348697394789,0.01,2.0597352536885465,0.2,1.7737140965492324,0.4,1.330474570344246,0.707,0.8892425933863706
180,0.721442885771543,0.01,2.0844745959293856,0.2,1.78680755754361,0.4,1.3326858855031745,0.707,0.8871522464452869
181,0.7254509018036072,0.01,2.1099578076562646,0.2,1.800075115241198,0.4,1.3348409026634434,0.707,0.8850417983371881
182,0.7294589178356713,0.01,2.1362177029433536,0.2,1.8135164124964205,0.4,1.3369373935113038,0.707,0.8829114327664311
183,0.7334669338677354,0.01,2.1632890645958747,0.2,1.8271308200169416,0.4,1.3389731139367838,0.707,0.880761339930012
184,0.7374749498997996,0.01,2.1912087938001608,0.2,1.8409174128010206,0.4,1.3409458064638529,0.707,0.8785917164094561
185,0.7414829659318637,0.01,2.2200160736263244,0.2,1.8548749451195683,0.4,1.34285320281529,0.707,0.8764027650576817
186,0.7454909819639278,0.01,2.2497525479017657,0.2,1.8690018239972306,0.4,1.3446930266112924,0.707,0.8741946948809827
187,0.749498997995992,0.01,2.2804625171667623,0.2,1.8832960811522252,0.4,1.346462996200241,0.707,0.8719677209162834
188,0.7535070140280561,0.01,2.31219315364445,0.2,1.8977553433615282,0.4,1.3481608276193942,0.707,0.8697220641038163
189,0.7575150300601202,0.01,2.3449947374111995,0.2,1.9123768012265172,0.4,1.3497842376825984,0.707,0.8674579511553955
190,0.7615230460921844,0.01,2.3789209162451397,0.2,1.927157176324508,0.4,1.351330947191397,0.707,0.8651756144184513
191,0.7655310621242485,0.01,2.4140289919668203,0.2,1.9420926867440544,0.4,1.3527986842651856,0.707,0.8628752917360017
192,0.7695390781563125,0.01,2.4503802364744516,0.2,1.9571790110166083,0.4,1.3541851877853168,0.707,0.8605572263027479
193,0.7735470941883766,0.01,2.488040241125883,0.2,1.9724112504744389,0.4,1.355488210947277,0.707,0.8582216665174738
194,0.7775551102204408,0.01,2.5270793036414685,0.2,1.9877838900848146,0.4,1.3567055249142852,0.707,0.8558688658319459
195,0.7815631262525049,0.01,2.5675728573093313,0.2,2.003290757833661,0.4,1.357834922564873,0.707,0.8534990825965074
196,0.785571142284569,0.01,2.609601947983016,0.2,2.0189249827584175,0.4,1.3588742223262071,0.707,0.8511125799025644
197,0.7895791583166332,0.01,2.6532537651902177,0.2,2.0346789517599517,0.4,1.3598212720841427,0.707,0.8487096254221697
198,0.7935871743486973,0.01,2.698622234643175,0.2,2.0505442653572903,0.4,1.3606739531601983,0.707,0.8462904912449072
199,0.7975951903807614,0.01,2.745808680584562,0.2,2.066511692586872,0.4,1.3614301843448995,0.707,0.8438554537122851
200,0.8016032064128256,0.01,2.7949225677512732,0.2,2.082571125290127,0.4,1.3620879259761876,0.707,0.8414047932498498
201,0.8056112224448897,0.01,2.8460823343343633,0.2,2.0987115320795136,0.4,1.3626451840508873,0.707,0.838938794197229
202,0.8096192384769538,0.01,2.8994163292077224,0.2,2.1149209123238224,0.4,1.3631000143565448,0.707,0.8364577446363181
203,0.813627254509018,0.01,2.9550638689542423,0.2,2.131186250548338,0.4,1.363450526610334,0.707,0.8339619362178219
204,0.8176352705410821,0.01,3.013176432914476,0.2,2.1474934717043404,0.4,1.3636948885911326,0.707,0.8314516639863684
205,0.8216432865731462,0.01,3.073919017716502,0.2,2.1638273978248956,0.4,1.363831330250366,0.707,0.8289272262044014
206,0.8256513026052104,0.01,3.137471676638372,0.2,2.180171706649569,0.4,1.36385814778675,0.707,0.82638892417507
207,0.8296593186372745,0.01,3.204031273858523,0.2,2.196508892868783,0.4,1.3637737076696885,0.707,0.8238370620643246
208,0.8336673346693386,0.01,3.2738134893568107,0.2,2.2128202327081565,0.4,1.3635764505957744,0.707,0.8212719467224281
209,0.8376753507014028,0.01,3.3470551171824283,0.2,2.2290857526430856,0.4,1.3632648953626159,0.707,0.8186938875050918
210,0.8416833667334669,0.01,3.4240167083141246,0.2,2.2452842031025924,0.4,1.3628376426440918,0.707,0.8161031960944419
211,0.845691382765531,0.01,3.504985619798383,0.2,2.2613930380873115,0.4,1.3622933786510905,0.707,0.8135001863200181
212,0.8496993987975952,0.01,3.5902795447714375,0.2,2.2773884016873,0.4,1.3616308786618505,0.707,0.8108851739800069
213,0.8537074148296593,0.01,3.6802506140094233,0.2,2.293245122538778,0.4,1.360849010406195,0.707,0.8082584766629041
214,0.8577154308617234,0.01,3.77529017966442,0.2,2.308936717302158,0.4,1.3599467372881984,0.707,0.8056204135698019
215,0.8617234468937875,0.01,3.8758344169549632,0.2,2.3244354042738644,0.4,1.3589231214322244,0.707,0.802971305337488
216,0.8657314629258517,0.01,3.9823709112674663,0.2,2.3397121282581064,0.4,1.3577773265377244,0.707,0.800311473862543
217,0.8697394789579158,0.01,4.095446438354824,0.2,2.3547365978186607,0.4,1.3565086205287962,0.707,0.797641242126616
218,0.8737474949899798,0.01,4.215676196717741,0.2,2.369477336001103,0.4,1.355116377985175,0.707,0.7949609340230536
219,0.877755511022044,0.01,4.343754817364659,0.2,2.3839017455593896,0.4,1.3536000823421277,0.707,0.7922708741850532
220,0.8817635270541081,0.01,4.480469561778493,0.2,2.397976189633797,0.4,1.3519593278476107,0.707,0.7895713878155065
221,0.8857715430861722,0.01,4.626716230665172,0.2,2.4116660887068666,0.4,1.3501938212660265,0.707,0.786862800518692
222,0.8897795591182364,0.01,4.783518453032585,0.2,2.424936034507657,0.4,1.3483033833189928,0.707,0.78414543813397
223,0.8937875751503005,0.01,4.952051220066139,0.2,2.437749921340404,0.4,1.34628794985468,0.707,0.7814196265716301
224,0.8977955911823646,0.01,5.133669789050607,0.2,2.4500710950807703,0.4,1.344147572738499,0.707,0.7786856916510314
225,0.9018036072144288,0.01,5.329945434762689,0.2,2.4618625198114734,0.4,1.3418824204592028,0.707,0.7759439589411726
226,0.9058116232464929,0.01,5.542710006081456,0.2,2.473086961761027,0.4,1.3394927784458097,0.707,0.7731947536038205
227,0.909819639278557,0.01,5.774111907588409,0.2,2.483707189867763,0.4,1.3369790490921363,0.707,0.7704384002393212
228,0.9138276553106212,0.01,6.02668704865073,0.2,2.493686191921457,0.4,1.3343417514871458,0.707,0.7676752227352097
229,0.9178356713426853,0.01,6.303449603954725,0.2,2.502987404843561,0.4,1.3315815208507595,0.707,0.7649055441177297
230,0.9218436873747494,0.01,6.608009288550247,0.2,2.511574957263085,0.4,1.3286991076762227,0.707,0.7621296864063647
231,0.9258517034068136,0.01,6.944724542146207,0.2,2.519413922139122,0.4,1.3256953765815702,0.707,0.7593479704714791
232,0.9298597194388777,0.01,7.3189049708116745,0.2,2.5264705767850404,0.4,1.3225713048741712,0.707,0.75656071589516
233,0.9338677354709418,0.01,7.737082289836967,0.2,2.5327126672768534,0.4,1.3193279808337368,0.707,0.7537682408353422
234,0.937875751503006,0.01,8.207377945857765,0.2,2.538109673893518,0.4,1.3159666017205573,0.707,0.7509708618932934
235,0.9418837675350701,0.01,8.740009365701043,0.2,2.5426330739543577,0.4,1.3124884715170617,0.707,0.748168893984531
236,0.9458917835671342,0.01,9.347998373137226,0.2,2.5462565982026515,0.4,1.3088949984120486,0.707,0.745362650213234
237,0.9498997995991983,0.01,10.048179778568905,0.2,2.5489564767476978,0.4,1.3051876920381607,0.707,0.7425524417502068
238,0.9539078156312625,0.01,10.862664084004413,0.2,2.550711670531558,0.4,1.3013681604742797,0.707,0.7397385777144471
239,0.9579158316633266,0.01,11.821000344719648,0.2,2.5515040843398795,0.4,1.297438107025572,0.707,0.7369213650583615
240,0.9619238476953907,0.01,12.96343810134925,0.2,2.551318757534046,0.4,1.2933993267948545,0.707,0.7341011084566672
241,0.9659318637274549,0.01,14.345939381068131,0.2,2.5501440289461055,0.4,1.289253703059799,0.707,0.7312781101990141
242,0.969939879759519,0.01,16.047989611694323,0.2,2.547971672745941,0.4,1.285003203471245,0.707,0.7284526700863503
243,0.9739478957915831,0.01,18.184789700647343,0.2,2.544797002555115,0.4,1.280649876088514,0.707,0.7256250853310537
244,0.9779559118236472,0.01,20.9256591246172,0.2,2.5406189416327623,0.4,1.276195845268155,0.707,0.7227956504608459
245,0.9819639278557113,0.01,24.517919681539002,0.2,2.5354400575807454,0.4,1.2716433074229558,0.707,0.7199646572264919
246,0.9859719438877754,0.01,29.297958048974202,0.2,2.5292665606897855,0.4,1.26699452666835,0.707,0.7171323945132964
247,0.9899799599198396,0.01,35.58707762197563,0.2,2.5221082657544827,0.4,1.2622518303735446,0.707,0.7142991482563903
248,0.9939879759519037,0.01,43.076459003172864,0.2,2.513978517900529,0.4,1.257417604634751,0.707,0.7114652013598014
249,0.9979959919839678,0.01,49.12179057074581,0.2,2.5048940836690017,0.4,1.2524942896878781,0.707,0.7086308336193003
250,1.002004008016032,0.01,48.92908914926536,0.2,2.494875009267772,0.4,1.2474843752778941,0.707,0.7057963216490017
251,1.006012024048096,0.01,42.629591007377385,0.2,2.483944448507997,0.4,1.2423903960018265,0.707,0.7029619388117021
252,1.0100200400801602,0.01,35.056546274036954,0.2,2.472128463476039,0.4,1.2372149266420256,0.707,0.7001279551529287
253,1.0140280561122244,0.01,28.753594096482832,0.2,2.4594558014330783,0.4,1.2319605775058846,0.707,0.6972946373386693
254,1.0180360721442885,0.01,23.977761796756138,0.2,2.445957651775334,0.4,1.2266299897877049,0.707,0.6944622485967495
255,1.0220440881763526,0.01,20.39253444648414,0.2,2.431667387120548,0.4,1.2212258309677881,0.707,0.691631048661821
256,1.0260521042084167,0.01,17.657953649896953,0.2,2.4166202927091898,0.4,1.2157507902631957,0.707,0.6888012937239187
257,1.0300601202404809,0.01,15.526153532977006,0.2,2.4008532883238356,0.4,1.2102075741438811,0.707,0.6859732363805434
258,1.034068136272545,0.01,13.82796484297829,0.2,2.384404646843427,0.4,1.20459890192713,0.707,0.6831471255922206
259,1.0380761523046091,0.01,12.448439482606062,0.2,2.3673137133701205,0.4,1.1989275014624332,0.707,0.6803232066414887
260,1.0420841683366733,0.01,11.308311740312867,0.2,2.3496206286071635,0.4,1.1931961049180402,0.707,0.6775017210952573
261,1.0460921843687374,0.01,10.351787009609104,0.2,2.3313660598407857,0.4,1.1874074446795815,0.707,0.674682906770485
262,1.0501002004008015,0.01,9.538738502434022,0.2,2.312590942502474,0.4,1.181564249370221,0.707,0.671866997703115
263,1.0541082164328657,0.01,8.839706444307064,0.2,2.2933362348756736,0.4,1.1756692400008888,0.707,0.6690542241202069
264,1.0581162324649298,0.01,8.232645536160941,0.2,2.2736426880780596,0.4,1.1697251262582191,0.707,0.6662448124152061
265,1.062124248496994,0.01,7.700769028941374,0.2,2.2535506330111748,0.4,1.1637346029368922,0.707,0.6634389851262785
266,1.066132264529058,0.01,7.231090929238705,0.2,2.2330997855362225,0.4,1.1577003465221576,0.707,0.6606369609176534
267,1.0701402805611222,0.01,6.813420844236095,0.2,2.2123290707191976,0.4,1.1516250119274212,0.707,0.6578389545638957
268,1.0741482965931863,0.01,6.439657968893984,0.2,2.191276466599337,0.4,1.1455112293908827,0.707,0.6550451769370469
269,1.0781563126252505,0.01,6.103286530865052,0.2,2.1699788675792577,0.4,1.13936160153436,0.707,0.6522558349965594
270,1.0821643286573146,0.01,5.799009373107778,0.2,2.148471967217963,0.4,1.1331787005865979,0.707,0.6494711317819508
271,1.0861723446893787,0.01,5.522477877157626,0.2,2.126790159932493,0.4,1.1269650657725627,0.707,0.6466912664081115
272,1.0901803607214429,0.01,5.270090151085398,0.2,2.1049664608815255,0.4,1.120723200869465,0.707,0.6439164340631839
273,1.094188376753507,0.01,5.038838308052176,0.2,2.0830324431147806,0.4,1.1144555719295188,0.707,0.6411468260089458
274,1.0981963927855711,0.01,4.826191535191733,0.2,2.061018190924114,0.4,1.10816460516878,0.707,0.6383826295836191
275,1.1022044088176353,0.01,4.630005591305673,0.2,2.0389522682233925,0.4,1.1018526850207506,0.707,0.6356240282070303
276,1.1062124248496994,0.01,4.448452053597012,0.2,2.016861700711456,0.4,1.095522152352859,0.707,0.6328712013880474
277,1.1102204408817635,0.01,4.279962485965936,0.2,1.9947719705320432,0.4,1.0891753028433633,0.707,0.6301243247342172
278,1.1142284569138277,0.01,4.123183998172336,0.2,1.9727070221324936,0.4,1.0828143855157335,0.707,0.6273835699635294
279,1.1182364729458918,0.01,3.976943584620288,0.2,1.9506892780353495,0.4,1.0764416014271143,0.707,0.6246491049182284
280,1.122244488977956,0.01,3.8402192912396207,0.2,1.9287396632695148,0.4,1.0700591025070474,0.707,0.6219210935806037
281,1.12625250501002,0.01,3.712116737624059,0.2,1.9068776372566043,0.4,1.0636689905422891,0.707,0.6191996960906782
282,1.130260521042084,0.01,3.5918498725832357,0.2,1.88512123200985,0.4,1.0572733163032209,0.707,0.6164850687657244
283,1.134268537074148,0.01,3.478725101196731,0.2,1.863487095574115,0.4,1.0508740788070832,0.707,0.6137773641215333
284,1.1382765531062122,0.01,3.372128115752242,0.2,1.84199053971326,0.4,1.044473224713034,0.707,0.6110767308953641
285,1.1422845691382764,0.01,3.2715129094636737,0.2,1.8206455909326558,0.4,1.0380726478438247,0.707,0.6083833140705006
286,1.1462925851703405,0.01,3.176392563269841,0.2,1.7994650440079218,0.4,1.031674188828743,0.707,0.6056972549023444
287,1.1503006012024046,0.01,3.0863314813904514,0.2,1.7784605172740366,0.4,1.0252796348623463,0.707,0.6030186909459744
288,1.1543086172344688,0.01,3.0009388172328437,0.2,1.75764250901036,0.4,1.0188907195734282,0.707,0.6003477560851018
289,1.158316633266533,0.01,2.919862882495105,0.2,1.7370204543356285,0.4,1.0125091229986007,0.707,0.5976845805623542
290,1.162324649298597,0.01,2.8427863724282267,0.2,1.7166027821017007,0.4,1.0061364716548615,0.707,0.5950292910108175
291,1.1663326653306612,0.01,2.7694222718209907,0.2,1.696396971345092,0.4,0.999774338705508,0.707,0.5923820104867741
292,1.1703406813627253,0.01,2.699510331314738,0.2,1.676409606920723,0.4,0.9934242442138025,0.707,0.5897428585035677
293,1.1743486973947894,0.01,2.63281402361594,0.2,1.6566464340025082,0.4,0.9870876554788364,0.707,0.5871119510665328
294,1.1783567134268536,0.01,2.5691179051717903,0.2,1.637112411190385,0.4,0.9807659874481208,0.707,0.5844894007089273
295,1.1823647294589177,0.01,2.5082253217615205,0.2,1.617811762013087,0.4,0.9744606032015217,0.707,0.5818753165288024
296,1.1863727454909818,0.01,2.4499564068906774,0.2,1.59874802466058,0.4,0.9681728145012726,0.707,0.5792698042267552
297,1.190380761523046,0.01,2.394146330364092,0.2,1.5799240998197372,0.4,0.9619038824029162,0.707,0.5766729661445001
298,1.19438877755511,0.01,2.3406437613503424,0.2,1.5613422965218149,0.4,0.955655017922171,0.707,0.5740849013042051
299,1.1983967935871742,0.01,2.2893095159445616,0.2,1.5430043759409149,0.4,0.9494273827528628,0.707,0.571505705448535
300,1.2024048096192383,0.01,2.240015363929664,0.2,1.5249115931091122,0.4,0.9432220900312269,0.707,0.5689354710813466
301,1.2064128256513025,0.01,2.1926429733199893,0.2,1.5070647365367196,0.4,0.9370402051420456,0.707,0.5663742875089846
302,1.2104208416833666,0.01,2.1470829744979936,0.2,1.4894641657454935,0.4,0.9308827465622614,0.707,0.5638222408821244
303,1.2144288577154307,0.01,2.1032341284450125,0.2,1.4721098467388403,0.4,0.9247506867378894,0.707,0.5612794142381116
304,1.2184368737474949,0.01,2.061002585818521,0.2,1.455001385446552,0.4,0.9186449529902219,0.707,0.5587458875437499
305,1.222444889779559,0.01,2.0203012255186823,0.2,1.4381380591925692,0.4,0.9125664284475142,0.707,0.55622173773849
306,1.2264529058116231,0.01,1.9810490629795527,0.2,1.421518846243066,0.4,0.9065159529985155,0.707,0.5537070387779734
307,1.2304609218436873,0.01,1.9431707197662127,0.2,1.4051424534990016,0.4,0.900494324264397,0.707,0.5512018616778842
308,1.2344689378757514,0.01,1.9065959472000091,0.2,1.389007342402441,0.4,0.8945022985858162,0.707,0.5487062745580698
309,1.2384769539078155,0.01,1.871259197704143,0.2,1.3731117531296524,0.4,0.8885405920220296,0.707,0.546220342686885
310,1.2424849699398797,0.01,1.8370992383889366,0.2,1.3574537271464349,0.4,0.8826098813591572,0.707,0.5437441285257217
311,1.2464929859719438,0.01,1.8040588021032615,0.2,1.3420311282024893,0.4,0.876710805124868,0.707,0.5412776917736833
312,1.250501002004008,0.01,1.7720842717848415,0.2,1.3268416618421193,0.4,0.8708439646069359,0.707,0.5388210894123677
313,1.254509018036072,0.01,1.7411253944631675,0.2,1.3118828935082354,0.4,0.8650099248732798,0.707,0.5363743757507224
314,1.2585170340681362,0.01,1.711135021717714,0.2,1.2971522653157244,0.4,0.8592092157912695,0.707,0.5339376024699362
315,1.2625250501002003,0.01,1.6820688737818503,0.2,1.282647111568784,0.4,0.8534423330442339,0.707,0.5315108186683339
316,1.2665330661322645,0.01,1.6538853248185459,0.2,1.26836467309499,0.4,0.8477097391432664,0.707,0.5290940709062454
317,1.2705410821643286,0.01,1.626545207185181,0.2,1.2543021104666663,0.4,0.8420118644325681,0.707,0.5266874032508113
318,1.2745490981963927,0.01,1.6000116327580625,0.2,1.2404565161777128,0.4,0.8363491080867124,0.707,0.5242908573207038
319,1.2785571142284569,0.01,1.5742498296079124,0.2,1.2268249258414217,0.4,0.8307218390983528,0.707,0.5219044723307275
320,1.282565130260521,0.01,1.5492269925103361,0.2,1.213404328472097,0.4,0.8251303972550278,0.707,0.519528285136278
321,1.2865731462925851,0.01,1.5249121459438706,0.2,1.2001916759104463,0.4,0.8195750941038379,0.707,0.5171623302776304
322,1.2905811623246493,0.01,1.5012760183760523,0.2,1.1871838914498807,0.4,0.8140562139028947,0.707,0.5148066400240324
323,1.2945891783567134,0.01,1.478290926767765,0.2,1.1743778777179779,0.4,0.8085740145585497,0.707,0.5124612444175812
324,1.2985971943887775,0.01,1.455930670340382,0.2,1.1617705238645333,0.4,0.803128728547526,0.707,0.5101261713168591
325,1.3026052104208417,0.01,1.4341704327509124,0.2,1.149358712104809,0.4,0.7977205638231654,0.707,0.5078014464403083
326,1.3066132264529058,0.01,1.4129866919093093,0.2,1.1371393236638678,0.4,0.7923497047051148,0.707,0.5054870934093252
327,1.31062124248497,0.01,1.3923571367507266,0.2,1.1251092441652024,0.4,0.7870163127518544,0.707,0.5031831337910531
328,1.314629258517034,0.01,1.372260590345236,0.2,1.1132653685042986,0.4,0.7817205276155578,0.707,0.5008895871408583
329,1.3186372745490982,0.01,1.3526769387893247,0.2,1.1016046052452912,0.4,0.7764624678788609,0.707,0.49860647104446987
330,1.3226452905811623,0.01,1.3335870653784838,0.2,1.090123880576481,0.4,0.7712422318731802,0.707,0.4963338011597697
331,1.3266533066132264,0.01,1.3149727896091117,0.2,1.0788201418582102,0.4,0.7660598984783009,0.707,0.49407159125821565
332,1.3306613226452906,0.01,1.2968168106015716,0.2,1.0676903607944177,0.4,0.7609155279030133,0.707,0.4918198532658849
333,1.3346693386773545,0.01,1.279102654575182,0.2,1.056731536257128,0.4,0.7558091624466368,0.707,0.48957859730412545
334,1.3386773547094186,0.01,1.2618146260407228,0.2,1.0459406967911713,0.4,0.7507408272413335,0.707,0.48734783172980006
335,1.3426853707414828,0.01,1.244937762407215,0.2,1.035314902824585,0.4,0.7457105309751568,0.707,0.4851275631751159
336,1.3466933867735469,0.01,1.2284577917276394,0.2,1.0248512486083714,0.4,0.7407182665958313,0.707,0.48291779658702555
337,1.350701402805611,0.01,1.2123610933333633,0.2,1.0145468639076711,0.4,0.7357640119953034,0.707,0.48071853526619157
338,1.3547094188376752,0.01,1.1966346611295555,0.2,1.0043989154648256,0.4,0.7308477306751464,0.707,0.4785297809055042
339,1.3587174348697393,0.01,1.1812660693441626,0.2,0.9944046082533615,0.4,0.7259693723929321,0.707,0.4763515336281465
340,1.3627254509018034,0.01,1.1662434405412785,0.2,0.9845611865405538,0.4,0.7211288737897226,0.707,0.47418379202519617
341,1.3667334669338675,0.01,1.1515554157262256,0.2,0.9748659347749378,0.4,0.7163261589988593,0.707,0.4720265531927598
342,1.3707414829659317,0.01,1.1371911263845447,0.2,0.9653161783139427,0.4,0.7115611402362596,0.707,0.46987981276863194
343,1.3747494989979958,0.01,1.1231401683105515,0.2,0.9559092840056962,0.4,0.7068337183724502,0.707,0.46774356496847436
344,1.37875751503006,0.01,1.1093925770932855,0.2,0.946642660637992,0.4,0.7021437834865931,0.707,0.4656178026215098
345,1.382765531062124,0.01,1.0959388051387289,0.2,0.937513759266447,0.4,0.6974912154027745,0.707,0.463502517205727
346,1.3867735470941882,0.01,1.0827697001171628,0.2,0.9285200734329458,0.4,0.6928758842088506,0.707,0.461397698882592
347,1.3907815631262523,0.01,1.0698764847336397,0.2,0.9196591392846346,0.4,0.6882976507581502,0.707,0.4593033365312643
348,1.3947895791583165,0.01,1.0572507377277875,0.2,0.9109285356029214,0.4,0.6837563671543563,0.707,0.45721941778231256
349,1.3987975951903806,0.01,1.0448843760167001,0.2,0.9023258837512157,0.4,0.6792518772198926,0.707,0.45514592905093165
350,1.4028056112224447,0.01,1.0327696379015034,0.2,0.893848847549447,0.4,0.6747840169481566,0.707,0.45308285556965505
351,1.4068136272545089,0.01,1.020899067264422,0.2,0.8854951330827706,0.4,0.6703526149399397,0.707,0.45103018142056506
352,1.410821643286573,0.01,1.0092654986888818,0.2,0.8772624884512781,0.4,0.6659574928243918,0.707,0.44898788956699787
353,1.4148296593186371,0.01,0.9978620434403672,0.2,0.8691487034669831,0.4,0.6615984656648838,0.707,0.44695596188474457
354,1.4188376753507013,0.01,0.9866820762505195,0.2,0.8611516093038442,0.4,0.6572753423501306,0.707,0.444934379192747
355,1.4228456913827654,0.01,0.9757192228513054,0.2,0.8532690781061167,0.4,0.6529879259709348,0.707,0.4429231212832901
356,1.4268537074148295,0.01,0.9649673482100695,0.2,0.8454990225598944,0.4,0.6487360141829182,0.707,0.44092216695169084
357,1.4308617234468937,0.01,0.9544205454199346,0.2,0.8378393954322851,0.4,0.6445193995556012,0.707,0.4389314940254855
358,1.4348697394789578,0.01,0.9440731252033718,0.2,0.8302881890823148,0.4,0.6403378699082001,0.707,0.4369510793931165
359,1.438877755511022,0.01,0.9339196059898175,0.2,0.8228434349472822,0.4,0.6361912086324977,0.707,0.43498089903212067
360,1.442885771543086,0.01,0.9239547045310577,0.2,0.815503203007988,0.4,0.6320791950031515,0.707,0.433020928036821
361,1.4468937875751502,0.01,0.9141733270206923,0.2,0.8082656012359607,0.4,0.6280016044757978,0.707,0.43107114064552576
362,1.4509018036072143,0.01,0.9045705606863711,0.2,0.8011287750255238,0.4,0.6239582089733005,0.707,0.4291315102672348
363,1.4549098196392785,0.01,0.8951416658257129,0.2,0.7940909066133086,0.4,0.6199487771605006,0.707,0.4272020095078588
364,1.4589178356713426,0.01,0.8858820682588298,0.2,0.787150214487574,0.4,0.6159730747078075,0.707,0.4252826101959538
365,1.4629258517034067,0.01,0.8767873521722659,0.2,0.7803049527894929,0.4,0.6120308645439763,0.707,0.4233732834079731
366,1.4669338677354709,0.01,0.8678532533308676,0.2,0.7735534107083506,0.4,0.6081219070984022,0.707,0.4214739994930427
367,1.470941883767535,0.01,0.8590756526357167,0.2,0.7668939118724406,0.4,0.604245960533267,0.707,0.4195847280972621
368,1.4749498997995991,0.01,0.8504505700077203,0.2,0.760324813737257,0.4,0.6004027809658573,0.707,0.41770543818753497
369,1.4789579158316633,0.01,0.8419741585778084,0.2,0.7538445069724367,0.4,0.5965921226813746,0.707,0.41583609807493416
370,1.4829659318637274,0.01,0.8336426991659758,0.2,0.7474514148487654,0.4,0.5928137383365493,0.707,0.4139766754376058
371,1.4869739478957915,0.01,0.8254525950325411,0.2,0.7411439926264278,0.4,0.5890673791543617,0.707,0.4121271373432161
372,1.4909819639278556,0.01,0.8174003668861036,0.2,0.7349207269455563,0.4,0.5853527951101706,0.707,0.4102874502709458
373,1.4949899799599198,0.01,0.8094826481336732,0.2,0.7287801352200385,0.4,0.58166973510954,0.707,0.4084575801330373
374,1.498997995991984,0.01,0.8016961803593754,0.2,0.7227207650354243,0.4,0.5780179471580503,0.707,0.4066374922958993
375,1.503006012024048,0.01,0.7940378090190094,0.2,0.7167411935516961,0.4,0.57439717852337,0.707,0.40482715160077354
376,1.5070140280561122,0.01,0.7865044793385297,0.2,0.7108400269115673,0.4,0.5708071758898622,0.707,0.40302652238396947
377,1.5110220440881763,0.01,0.7790932324052765,0.2,0.7050158996549079,0.4,0.5672476855059867,0.707,0.4012355684966711
378,1.5150300601202404,0.01,0.7718012014414698,0.2,0.699267474139816,0.4,0.5637184533247579,0.707,0.39945425332432183
379,1.5190380761523046,0.01,0.7646256082501318,0.2,0.6935934399707941,0.4,0.5602192251375088,0.707,0.39768253980559304
380,1.5230460921843687,0.01,0.7575637598242031,0.2,0.6879925134344258,0.4,0.556749746701203,0.707,0.39592039045094035
381,1.5270541082164328,0.01,0.750613045110176,0.2,0.6824634369428945,0.4,0.5533097638595332,0.707,0.394167767360755
382,1.531062124248497,0.01,0.7437709319180983,0.2,0.6770049784856398,0.4,0.5498990226580369,0.707,0.39242463224311386
383,1.535070140280561,0.01,0.737034963970279,0.2,0.6716159310893933,0.4,0.546517269453449,0.707,0.39069094643113517
384,1.539078156312625,0.01,0.7304027580814939,0.2,0.6662951122868056,0.4,0.5431642510175156,0.707,0.38896667089994447
385,1.5430861723446891,0.01,0.7238720014638989,0.2,0.6610413635938239,0.4,0.5398397146354695,0.707,0.3872517662832571
386,1.5470941883767533,0.01,0.7174404491502749,0.2,0.6558535499959642,0.4,0.5365434081993815,0.707,0.3855461928895821
387,1.5511022044088174,0.01,0.71110592152958,0.2,0.65073055944357,0.4,0.5332750802965774,0.707,0.38384991071805435
388,1.5551102204408815,0.01,0.7048663019891446,0.2,0.645671302356137,0.4,0.5300344802933168,0.707,0.3821628794738992
389,1.5591182364729457,0.01,0.6987195346581638,0.2,0.6406747111357521,0.4,0.5268213584139168,0.707,0.38048505858353576
390,1.5631262525050098,0.01,0.6926636222474495,0.2,0.6357397396896705,0.4,0.5236354658155012,0.707,0.37881640720932513
391,1.567134268537074,0.01,0.6866966239806833,0.2,0.6308653629620349,0.4,0.5204765546585499,0.707,0.3771568842639683
392,1.571142284569138,0.01,0.6808166536126821,0.2,0.626050576474725,0.4,0.5173443781734128,0.707,0.37550644842456016
393,1.5751503006012022,0.01,0.6750218775304379,0.2,0.6212943958773013,0.4,0.5142386907229552,0.707,0.3738650581463038
394,1.5791583166332663,0.01,0.6693105129329286,0.2,0.6165958565060051,0.4,0.5111592478614893,0.707,0.3722326716758933
395,1.5831663326653305,0.01,0.6636808260859097,0.2,0.611954012951744,0.4,0.5081058063901424,0.707,0.3706092470645675
396,1.5871743486973946,0.01,0.6581311306481141,0.2,0.6073679386370007,0.4,0.5050781244088114,0.707,0.36899474218084266
397,1.5911823647294587,0.01,0.6526597860654718,0.2,0.6028367254015764,0.4,0.5020759613648421,0.707,0.3673891147229285
398,1.5951903807615229,0.01,0.6472651960301486,0.2,0.598359483097081,0.4,0.4990990780985716,0.707,0.36579232223083336
399,1.599198396793587,0.01,0.6419458070013713,0.2,0.5939353391900661,0.4,0.49614723688586476,0.707,0.3642043220981639
400,1.6032064128256511,0.01,0.6367001067851683,0.2,0.5895634383736954,0.4,0.4932202014777719,0.707,0.36262507158362434
401,1.6072144288577153,0.01,0.6315266231703106,0.2,0.5852429421878395,0.4,0.49031773713743115,0.707,0.361054527822222
402,1.6112224448897794,0.01,0.6264239226178692,0.2,0.5809730286474728,0.4,0.48743961067433217,0.707,0.35949264783618284
403,1.6152304609218435,0.01,0.6213906090019533,0.2,0.5767528918792515,0.4,0.4845855904760558,0.707,0.35793938854558294
404,1.6192384769539077,0.01,0.61642532239931,0.2,0.5725817417661438,0.4,0.48175544653760105,0.707,0.3563947067787019
405,1.6232464929859718,0.01,0.6115267379255878,0.2,0.5684588035999808,0.4,0.4789489504884012,0.707,0.3548585592821021
406,1.627254509018036,0.01,0.606693564616179,0.2,0.564383317741793,0.4,0.47616587561713547,0.707,0.35333090273043993
407,1.6312625250501,0.01,0.6019245443496648,0.2,0.560354539289801,0.4,0.47340599689443125,0.707,0.35181169373601406
408,1.6352705410821642,0.01,0.5972184508119788,0.2,0.556371737754917,0.4,0.47066909099355203,0.707,0.3503008888580547
409,1.6392785571142283,0.01,0.5925740884995063,0.2,0.552434196743623,0.4,0.4679549363091625,0.707,0.34879844461176057
410,1.6432865731462925,0.01,0.5879902917594244,0.2,0.5485412136480826,0.4,0.4652633129742581,0.707,0.3473043174770871
411,1.6472945891783566,0.01,0.5834659238656662,0.2,0.5446920993433492,0.4,0.4625940028753419,0.707,0.3458184639072919
412,1.6513026052104207,0.01,0.5789998761289796,0.2,0.5408861778915286,0.4,0.4599467896659317,0.707,0.3443408403372406
413,1.6553106212424848,0.01,0.5745910670396224,0.2,0.5371227862527577,0.4,0.4573214587784739,0.707,0.3428714031914808
414,1.659318637274549,0.01,0.5702384414413015,0.2,0.533401274002858,0.4,0.45471779743473856,0.707,0.34141010889208495
415,1.6633266533066131,0.01,0.5659409697350438,0.2,0.5297210030575268,0.4,0.452135594654769,0.707,0.3399569138662704
416,1.6673346693386772,0.01,0.5616976471117335,0.2,0.5260813474029282,0.4,0.44957464126445346,0.707,0.33851177455379927
417,1.6713426853707414,0.01,0.5575074928121245,0.2,0.5224816928325464,0.4,0.4470347299017864,0.707,0.337074647414163
418,1.6753507014028055,0.01,0.5533695494131853,0.2,0.5189214366901657,0.4,0.4445156550218821,0.707,0.3356454889335559
419,1.6793587174348696,0.01,0.54928288213969,0.2,0.5153999876188459,0.4,0.4420172129008034,0.707,0.33422425563164343
420,1.6833667334669338,0.01,0.5452465782000195,0.2,0.5119167653157568,0.4,0.4395392016382616,0.707,0.3328109040681271
421,1.687374749498998,0.01,0.5412597461451872,0.2,0.5084712002927444,0.4,0.4370814211592476,0.707,0.33140539084911264
422,1.691382765531062,0.01,0.5373215152501452,0.2,0.5050627336424983,0.4,0.43464367321464503,0.707,0.3300076726332849
423,1.6953907815631262,0.01,0.5334310349164741,0.2,0.5016908168101933,0.4,0.4322257613808796,0.707,0.32861770613789226
424,1.6993987975951903,0.01,0.5295874740956009,0.2,0.49835491137048143,0.4,0.4298274910586538,0.707,0.32723544814454697
425,1.7034068136272544,0.01,0.5257900207317221,0.2,0.4950544888097084,0.4,0.4274486694708139,0.707,0.32586085550484406
426,1.7074148296593186,0.01,0.5220378812236578,0.2,0.49178903031323823,0.4,0.42508910565939734,0.707,0.3244938851458028
427,1.7114228456913827,0.01,0.518330279904884,0.2,0.48855802655776126,0.4,0.4227486104819016,0.707,0.32313449407513467
428,1.7154308617234468,0.01,0.5146664585410358,0.2,0.48536097750847323,0.4,0.42042699660681926,0.707,0.3217826393863429
429,1.719438877755511,0.01,0.5110456758441987,0.2,0.48219739222101005,0.4,0.41812407850847855,0.707,0.32043827826365484
430,1.723446893787575,0.01,0.5074672070033377,0.2,0.479066788648023,0.4,0.4158396724612274,0.707,0.3191013679867939
431,1.7274549098196392,0.01,0.5039303432302409,0.2,0.47596869345028725,0.4,0.41357359653299974,0.707,0.317771865935592
432,1.7314629258517034,0.01,0.5004343913203859,0.2,0.47290264181223435,0.4,0.4113256705782981,0.707,0.31644972959444795
433,1.7354709418837675,0.01,0.49697867322815825,0.2,0.4698681772618025,0.4,0.4090957162306274,0.707,0.31513491655663456
434,1.7394789579158316,0.01,0.49356252565587677,0.2,0.4668648514945012,0.4,0.4068835568944122,0.707,0.31382738452845804
435,1.7434869739478958,0.01,0.4901852996561081,0.2,0.46389222420158865,0.4,0.40468901773642824,0.707,0.3125270913332729
436,1.7474949899799597,0.01,0.4868463602467691,0.2,0.46094986290226275,0.4,0.4025119256767793,0.707,0.3112339949153564
437,1.7515030060120238,0.01,0.4835450860385414,0.2,0.45803734277976765,0.4,0.40035210937944576,0.707,0.3099480533436448
438,1.755511022044088,0.01,0.48028086887414206,0.2,0.4551542465213224,0.4,0.39820939924243515,0.707,0.30866922481533554
439,1.759519038076152,0.01,0.4770531134790103,0.2,0.45230016416177676,0.4,0.3960836273875576,0.707,0.3073974676593584
440,1.7635270541082162,0.01,0.4738612371229931,0.2,0.4494746929309048,0.4,0.3939746276498541,0.707,0.3061327403397179
441,1.7675350701402803,0.01,0.470704669292627,0.2,0.4466774371042459,0.4,0.3918822355666984,0.707,0.3048750014587111
442,1.7715430861723445,0.01,0.4675828513736317,0.2,0.4439080078574089,0.4,0.38980628836659886,0.707,0.30362420976002363
443,1.7755511022044086,0.01,0.46449523634324485,0.2,0.4411660231237516,0.4,0.3877466249577188,0.707,0.3023803241317057
444,1.7795591182364727,0.01,0.461441288472046,0.2,0.4384511074553549,0.4,0.38570308591613767,0.707,0.30114330360903246
445,1.7835671342685369,0.01,0.4584204830349288,0.2,0.4357628918872104,0.4,0.3836755134738739,0.707,0.2999131073772514
446,1.787575150300601,0.01,0.4554323060308961,0.2,0.43310101380454163,0.4,0.38166375150668563,0.707,0.29868969477421814
447,1.7915831663326651,0.01,0.45247625391136465,0.2,0.43046511681318256,0.4,0.37966764552167004,0.707,0.29747302529292513
448,1.7955911823647293,0.01,0.4495518333166827,0.2,0.427854850612939,0.4,0.3776870426446778,0.707,0.29626305858392465
449,1.7995991983967934,0.01,0.4466585608205666,0.2,0.4252698708738573,0.4,0.3757217916075578,0.707,0.29505975445764965
450,1.8036072144288575,0.01,0.4437959626821868,0.2,0.4227098391153314,0.4,0.37377174273525005,0.707,0.293863072886634
451,1.8076152304609217,0.01,0.44096357460563235,0.2,0.4201744225879761,0.4,0.3718367479327399,0.707,0.2926729740076357
452,1.8116232464929858,0.01,0.4381609415065019,0.2,0.41766329415820025,0.4,0.36991666067188883,0.707,0.29148941812366513
453,1.81563126252505,0.01,0.4353876172853749,0.2,0.415176132195412,0.4,0.368011335978155,0.707,0.29031236570591973
454,1.819639278557114,0.01,0.4326431646079288,0.2,0.41271262046179247,0.4,0.3661206304172166,0.707,0.2891417773956298
455,1.8236472945891782,0.01,0.4299271546914742,0.2,0.4102724480045737,0.4,0.36424440208151043,0.707,0.28797761400581523
456,1.8276553106212423,0.01,0.4272391670976923,0.2,0.40785530905075984,0.4,0.36238251057669696,0.707,0.28681983652295695
457,1.8316633266533064,0.01,0.4245787895313646,0.2,0.4054609029042315,0.4,0.360534817008064,0.707,0.2856684061085851
458,1.8356713426853706,0.01,0.4219456176448937,0.2,0.4030889338451743,0.4,0.35870118396687806,0.707,0.28452328410078587
459,1.8396793587174347,0.01,0.41933925484842216,0.2,0.40073911103177495,0.4,0.35688147551669464,0.707,0.2833844320156283
460,1.8436873747494988,0.01,0.41675931212536366,0.2,0.39841114840412933,0.4,0.3550755571796374,0.707,0.28225181154851586
461,1.847695390781563,0.01,0.41420540785316556,0.2,0.39610476459030725,0.4,0.35328329592265323,0.707,0.28112538457546105
462,1.851703406813627,0.01,0.41167716762913414,0.2,0.3938196828145225,0.4,0.3515045601437541,0.707,0.28000511315428833
463,1.8557114228456912,0.01,0.4091742241011523,0.2,0.3915556308073561,0.4,0.34973921965825266,0.707,0.27889095952576537
464,1.8597194388777554,0.01,0.406696216803134,0.2,0.3893123407179818,0.4,0.3479871456849995,0.707,0.27778288611466523
465,1.8637274549098195,0.01,0.404242791995059,0.2,0.3870895490283456,0.4,0.34624821083262913,0.707,0.2766808555307613
466,1.8677354709418836,0.01,0.40181360250744114,0.2,0.3848869964692522,0.4,0.3445222890858227,0.707,0.275584830569757
467,1.8717434869739478,0.01,0.39940830759008705,0.2,0.3827044279383103,0.4,0.34280925579159294,0.707,0.2744947742141515
468,1.875751503006012,0.01,0.39702657276500836,0.2,0.3805415924196928,0.4,0.341108987645597,0.707,0.2734106496340436
469,1.879759519038076,0.01,0.39466806968335444,0.2,0.3783982429056673,0.4,0.33942136267848555,0.707,0.2723324201878756
470,1.8837675350701402,0.01,0.39233247598623816,0.2,0.37627413631985374,0.4,0.33774626024229026,0.707,0.2712600494231186
471,1.8877755511022043,0.01,0.39001947516933266,0.2,0.37416903344216756,0.4,0.3360835609968582,0.707,0.27019350107690077
472,1.8917835671342684,0.01,0.38772875645111865,0.2,0.37208269883540745,0.4,0.33443314689633524,0.707,0.26913273907658064
473,1.8957915831663326,0.01,0.38546001464467,0.2,0.3700149007734477,0.4,0.3327949011757049,0.707,0.26807772754026626
474,1.8997995991983967,0.01,0.3832129500328656,0.2,0.36796541117099674,0.4,0.3311687083373868,0.707,0.26702843077728267
475,1.9038076152304608,0.01,0.3809872682469228,0.2,0.3659340055148838,0.4,0.3295544541378975,0.707,0.2659848132885884
476,1.907815631262525,0.01,0.37878268014814803,0.2,0.3639204627968374,0.4,0.32795202557457964,0.707,0.264946839767143
477,1.911823647294589,0.01,0.3765989017128072,0.2,0.36192456544771817,0.4,0.32636131087240033,0.707,0.26391447509822624
478,1.9158316633266532,0.01,0.37443565392001965,0.2,0.3599460992731742,0.4,0.32478219947082604,0.707,0.2628876843597117
479,1.9198396793587174,0.01,0.37229266264258315,0.2,0.35798485339068126,0.4,0.3232145820107718,0.707,0.26186643282229477
480,1.9238476953907815,0.01,0.3701696585406416,0.2,0.356040620167937,0.4,0.3216583503216332,0.707,0.26085068594967714
481,1.9278557114228456,0.01,0.36806637695810945,0.2,0.35411319516257683,0.4,0.32011339740839995,0.707,0.2598404093987091
482,1.9318637274549098,0.01,0.365982557821769,0.2,0.3522023770631779,0.4,0.31857961743885527,0.707,0.25883556901949034
483,1.9358717434869739,0.01,0.36391794554296175,0.2,0.3503079676315239,0.4,0.31705690573086326,0.707,0.2578361308554313
484,1.939879759519038,0.01,0.3618722889217954,0.2,0.3484297716460967,0.4,0.31554515873974626,0.707,0.2568420611432753
485,1.9438877755511021,0.01,0.35984534105379234,0.2,0.3465675968467693,0.4,0.3140442740457541,0.707,0.25585332631308394
486,1.9478957915831663,0.01,0.35783685923890673,0.2,0.3447212538806698,0.4,0.3125541503416278,0.707,0.2548698929881858
487,1.9519038076152302,0.01,0.35584660489284153,0.2,0.34289055624918885,0.4,0.31107468742025857,0.707,0.2538917279850897
488,1.9559118236472943,0.01,0.353874343460596,0.2,0.3410753202561034,0.4,0.30960578616244355,0.707,0.2529187983133641
489,1.9599198396793585,0.01,0.35191984433218126,0.2,0.3392753649567922,0.4,0.3081473485247414,0.707,0.25195107117548404
490,1.9639278557114226,0.01,0.34998288076043854,0.2,0.3374905121085154,0.4,0.30669927752742693,0.707,0.25098851396664507
491,1.9679358717434867,0.01,0.3480632297808993,0.2,0.3357205861217331,0.4,0.30526147724254704,0.707,0.2500310942745471
492,1.9719438877755509,0.01,0.34616067213363055,0.2,0.3339654140124414,0.4,0.30383385278207925,0.707,0.249078779879148
493,1.975951903807615,0.01,0.3442749921870048,0.2,0.3322248253554983,0.4,0.30241631028619237,0.707,0.24813153875238808
494,1.9799599198396791,0.01,0.34240597786334337,0.2,0.33049865223891994,0.4,0.3010087569116128,0.707,0.24718933905788704
495,1.9839679358717432,0.01,0.34055342056637605,0.2,0.32878672921912155,0.4,0.2996111008200936,0.707,0.2462521491506133
496,1.9879759519038074,0.01,0.33871711511046854,0.2,0.3270888932770839,0.4,0.2982232511669906,0.707,0.24531993757652776
497,1.9919839679358715,0.01,0.3368968596515654,0.2,0.32540498377542154,0.4,0.2968451180899432,0.707,0.24439267307220153
498,1.9959919839679356,0.01,0.3350924556198017,0.2,0.32373484241633355,0.4,0.29547661269766207,0.707,0.24347032456441
499,2.0,0.01,0.3333037076537358,0.2,0.3220783132004154,0.4,0.29411764705882354,0.707,0.24255286116970282
